record_id,crop_id,farmer_id,location_id,weather_id,pest_id,disease_id,date_id,crop_yield_tons_ha,farm_area_ha,ndvi_index,health_score,fertilizer_kg_ha,pesticide_l_ha,water_usage_l,total_revenue,combined_risk,water_efficiency,yield_category,health_category,growth_stage,irrigation_method
REC0001,CR001,F013,LOC001,WTH001,PST001,DIS001,DT0001,4.12,4.04,0.638,39.9,262.5,9.91,1042.7,249672.0,4,3.9513,Medium,Poor,Fruiting,Canal
REC0002,CR002,F046,LOC002,WTH002,PST002,DIS002,DT0002,8.16,14.52,0.737,70.0,99.1,5.64,424.1,1777248.0,3,19.2407,Very High,Good,Flowering,Drip
REC0003,CR003,F045,LOC003,WTH003,PST003,DIS003,DT0003,,14.39,0.3,43.0,81.4,72.75,1334.1,,7,,,Fair,Flowering,Drip
REC0004,CR004,F025,LOC004,WTH004,PST004,DIS004,DT0004,5.69,4.09,0.6,49.5,290.9,15.21,997.1,349081.5,6,5.7065,High,Fair,Harvesting,Rain-Fed
REC0005,CR005,F032,LOC005,WTH005,PST005,DIS005,DT0005,2.59,5.55,0.557,45.3,77.0,65.7,404.4,215617.5,6,6.4045,Medium,Fair,Fruiting,Flood
REC0006,CR006,F026,LOC006,WTH006,PST006,DIS006,DT0006,2.59,13.49,0.766,42.8,169.6,43.57,1451.0,524086.5,6,1.785,Medium,Fair,Germination,Drip
REC0007,CR007,F016,LOC007,WTH007,PST007,DIS007,DT0007,1.91,14.52,0.825,87.8,196.4,6.23,873.9,415998.0,5,2.1856,Low,Excellent,Flowering,Canal
REC0008,CR008,F010,LOC008,WTH008,PST008,DIS008,DT0008,7.56,6.93,0.11,50.0,185.3,76.44,294.8,785862.0,3,25.6445,Very High,Fair,Harvesting,Drip
REC0009,CR009,F042,LOC009,WTH001,PST009,DIS009,DT0009,5.71,5.15,0.639,94.9,71.5,19.76,1014.9,441097.5,7,5.6262,High,Excellent,Fruiting,Drip
REC0010,CR010,F045,LOC010,WTH002,PST010,DIS010,DT0010,6.46,8.13,0.141,97.9,64.3,68.77,529.2,787797.0,6,12.2071,High,Excellent,Flowering,Rain-Fed
REC0011,CR001,F001,LOC001,WTH003,PST001,DIS001,DT0011,1.64,10.47,0.539,70.0,76.4,13.5,1244.8,257562.0,3,1.3175,Low,Good,Fruiting,Drip
REC0012,CR002,F049,LOC002,WTH004,PST002,DIS002,DT0012,8.29,4.47,0.33,40.0,196.4,68.32,1263.2,555844.5,8,6.5627,Very High,Poor,Harvesting,Flood
REC0013,CR003,F050,LOC003,WTH005,PST003,DIS003,DT0013,7.33,11.18,0.345,56.2,186.1,1.06,1472.6,1229241.0,5,4.9776,High,Fair,Germination,Rain-Fed
REC0014,CR004,F007,LOC004,WTH006,PST004,DIS004,DT0014,2.99,1.25,0.382,85.8,108.4,40.94,852.4,56062.5,6,3.5077,Medium,Excellent,Harvesting,Sprinkler
REC0015,CR005,F050,LOC005,WTH007,PST005,DIS005,DT0015,2.77,1.21,0.597,55.7,209.4,61.56,791.4,50275.5,4,3.5001,Medium,Fair,Germination,Sprinkler
REC0016,CR006,F028,LOC006,WTH008,PST006,DIS006,DT0016,2.78,6.1,0.367,36.1,255.0,74.78,1179.5,254370.0,4,2.3569,Medium,Poor,Vegetative,Rain-Fed
REC0017,CR007,F015,LOC007,WTH001,PST007,DIS007,DT0017,3.63,5.63,0.686,69.0,60.4,72.74,372.2,306553.5,5,9.7528,Medium,Good,Flowering,Flood
REC0018,CR008,F012,LOC008,WTH002,PST008,DIS008,DT0018,5.17,5.08,0.424,89.2,174.5,65.57,911.0,393954.0,4,5.6751,High,Excellent,Vegetative,Rain-Fed
REC0019,CR009,F045,LOC009,WTH003,PST009,DIS009,DT0019,4.52,7.62,0.155,85.7,222.3,71.06,910.1,516636.0,5,4.9665,Medium,Excellent,Germination,Rain-Fed
REC0020,CR010,F034,LOC010,WTH004,PST010,DIS010,DT0020,3.54,5.15,0.727,42.3,113.1,15.94,316.3,273465.0,3,11.1919,Medium,Fair,Fruiting,Rain-Fed
REC0021,CR001,F030,LOC001,WTH005,PST001,DIS001,DT0021,5.78,3.29,0.329,77.1,126.9,22.73,743.4,285243.0,8,7.7751,High,Good,Germination,Rain-Fed
REC0022,CR002,F004,LOC002,WTH006,PST002,DIS002,DT0022,2.48,4.99,0.446,45.4,203.4,23.12,1309.3,185628.0,5,1.8941,Low,Fair,Germination,Drip
REC0023,CR003,F036,LOC003,WTH007,PST003,DIS003,DT0023,3.55,14.64,0.648,45.3,274.5,30.16,1313.0,779580.0,5,2.7037,Medium,Fair,Fruiting,Canal
REC0024,CR004,F016,LOC004,WTH008,PST004,DIS004,DT0024,4.06,6.46,0.366,91.2,252.5,31.47,329.0,393414.0,7,12.3404,Medium,Excellent,Vegetative,Sprinkler
REC0025,CR005,F008,LOC005,WTH001,PST005,DIS005,DT0025,4.69,6.95,0.145,47.5,195.8,43.56,317.9,488932.5,6,14.7531,Medium,Fair,Flowering,Flood
REC0026,CR006,F030,LOC006,WTH002,PST006,DIS006,DT0010,,8.86,0.399,48.4,232.6,12.79,541.5,,5,,,Fair,Germination,Drip
REC0027,CR007,F009,LOC007,WTH003,PST007,DIS007,DT0026,2.9,14.76,0.856,30.0,141.2,55.3,1337.2,642060.0,5,2.1687,Medium,Poor,Germination,Sprinkler
REC0028,CR008,F030,LOC008,WTH004,PST008,DIS008,DT0027,5.1,4.0,0.613,90.9,210.2,13.41,367.6,306000.0,8,13.8738,High,Excellent,Flowering,Canal
REC0029,CR009,F043,LOC009,WTH005,PST009,DIS009,DT0028,5.65,10.38,0.637,85.5,166.5,24.82,1136.0,879705.0,8,4.9736,High,Excellent,Germination,Rain-Fed
REC0030,CR010,F034,LOC010,WTH006,PST010,DIS010,DT0029,1.83,10.88,0.606,73.9,97.5,40.27,331.5,298656.0,6,5.5204,Low,Good,Flowering,Canal
REC0031,CR001,F036,LOC001,WTH007,PST001,DIS001,DT0030,5.75,9.31,0.259,82.5,225.4,63.72,1010.1,802987.5,3,5.6925,High,Excellent,Flowering,Sprinkler
REC0032,CR002,F039,LOC002,WTH008,PST002,DIS002,DT0031,2.69,1.78,0.435,40.6,189.1,59.16,662.9,71823.0,4,4.0579,Medium,Fair,Flowering,Sprinkler
REC0033,CR003,F021,LOC003,WTH001,PST003,DIS003,DT0032,1.96,10.31,0.701,62.1,139.7,51.64,1225.6,303114.0,2,1.5992,Low,Good,Fruiting,Drip
REC0034,CR004,F049,LOC004,WTH002,PST004,DIS004,DT0033,8.14,1.43,0.181,54.6,277.8,12.46,503.8,174603.0,6,16.1572,Very High,Fair,Vegetative,Drip
REC0035,CR005,F029,LOC005,WTH003,PST005,DIS005,DT0013,8.26,9.14,0.322,36.6,55.2,43.76,1031.0,1132446.0,4,8.0116,Very High,Poor,Vegetative,Flood
REC0036,CR006,F040,LOC006,WTH004,PST006,DIS006,DT0034,7.16,11.22,0.321,64.0,128.9,7.0,506.4,1205028.0,4,14.139,High,Good,Harvesting,Rain-Fed
REC0037,CR007,F047,LOC007,WTH005,PST007,DIS007,DT0030,3.63,3.56,0.446,94.5,64.2,30.19,1127.8,193842.0,7,3.2187,Medium,Excellent,Fruiting,Canal
REC0038,CR008,F033,LOC008,WTH006,PST008,DIS008,DT0035,2.18,12.7,0.884,32.8,241.6,33.08,1335.8,415290.0,4,1.632,Low,Poor,Harvesting,Rain-Fed
REC0039,CR009,F028,LOC009,WTH007,PST009,DIS009,DT0036,6.29,0.94,0.154,50.4,225.5,3.18,364.8,88689.0,4,17.2423,High,Fair,Vegetative,Canal
REC0040,CR010,F036,LOC010,WTH008,PST010,DIS010,DT0037,4.58,12.74,0.515,44.5,132.8,21.92,1326.6,875238.0,3,3.4524,Medium,Fair,Vegetative,Rain-Fed
REC0041,CR001,F029,LOC001,WTH001,PST001,DIS001,DT0008,2.35,7.17,0.243,46.7,218.9,76.45,971.6,252742.5,6,2.4187,Low,Fair,Vegetative,Sprinkler
REC0042,CR002,F011,LOC002,WTH002,PST002,DIS002,DT0038,4.97,3.66,0.877,93.6,149.0,76.29,365.2,272853.0,6,13.609,Medium,Excellent,Germination,Sprinkler
REC0043,CR003,F048,LOC003,WTH003,PST003,DIS003,DT0039,1.74,2.44,0.191,62.8,239.1,28.19,755.8,63684.0,4,2.3022,Low,Good,Harvesting,Rain-Fed
REC0044,CR004,F031,LOC004,WTH004,PST004,DIS004,DT0040,7.87,14.32,0.423,62.6,163.5,3.45,409.1,1690476.0,2,19.2374,Very High,Good,Fruiting,Flood
REC0045,CR005,F029,LOC005,WTH005,PST005,DIS005,DT0041,,1.55,0.69,83.2,153.1,14.33,1110.5,,7,,,Excellent,Harvesting,Sprinkler
REC0046,CR006,F017,LOC006,WTH006,PST006,DIS006,DT0042,6.14,3.39,0.664,40.8,283.7,31.38,1186.5,312219.0,4,5.1749,High,Fair,Vegetative,Flood
REC0047,CR007,F049,LOC007,WTH007,PST007,DIS007,DT0043,3.68,5.54,0.438,64.1,112.7,75.82,337.5,305808.0,4,10.9037,Medium,Good,Fruiting,Sprinkler
REC0048,CR008,F016,LOC008,WTH008,PST008,DIS008,DT0044,5.14,9.49,0.377,60.1,80.1,11.3,858.0,731679.0,8,5.9907,High,Good,Harvesting,Drip
REC0049,CR009,F041,LOC009,WTH001,PST009,DIS009,DT0045,5.33,8.4,0.418,71.8,196.1,61.08,1259.0,671580.0,6,4.2335,High,Good,Vegetative,Drip
REC0050,CR010,F018,LOC010,WTH002,PST010,DIS010,DT0046,2.79,2.32,0.311,100.0,292.3,8.69,1417.0,97092.0,8,1.9689,Medium,Excellent,Vegetative,Rain-Fed
REC0051,CR001,F050,LOC001,WTH003,PST001,DIS001,DT0047,8.29,4.7,0.264,83.9,144.5,78.5,867.6,584445.0,4,9.5551,Very High,Excellent,Fruiting,Canal
REC0052,CR002,F050,LOC002,WTH004,PST002,DIS002,DT0048,6.93,3.96,0.486,57.9,65.5,30.53,1435.4,411642.0,3,4.8279,High,Fair,Flowering,Drip
REC0053,CR003,F034,LOC003,WTH005,PST003,DIS003,DT0049,8.08,3.6,0.315,87.9,134.8,62.02,896.4,436320.0,7,9.0138,Very High,Excellent,Fruiting,Sprinkler
REC0054,CR004,F032,LOC004,WTH006,PST004,DIS004,DT0050,7.76,6.46,0.33,41.9,176.5,27.41,712.4,751944.0,3,10.8928,Very High,Fair,Flowering,Sprinkler
REC0055,CR005,F041,LOC005,WTH007,PST005,DIS005,DT0051,5.69,10.71,0.625,32.1,90.5,50.21,1302.7,914098.5,7,4.3679,High,Poor,Germination,Drip
REC0056,CR006,F016,LOC006,WTH008,PST006,DIS006,DT0052,7.95,3.65,0.875,44.3,214.5,15.36,840.9,435262.5,7,9.4542,Very High,Fair,Fruiting,Drip
REC0057,CR007,F018,LOC007,WTH001,PST007,DIS007,DT0053,2.12,5.82,0.583,53.8,299.4,11.68,813.5,185076.0,6,2.606,Low,Fair,Flowering,Canal
REC0058,CR008,F029,LOC008,WTH002,PST008,DIS008,DT0054,2.87,6.17,0.162,65.7,162.9,75.05,837.4,265618.5,3,3.4273,Medium,Good,Harvesting,Drip
REC0059,CR009,F005,LOC009,WTH003,PST009,DIS009,DT0055,1.82,14.66,0.16,73.1,138.7,73.41,1300.8,400218.0,8,1.3991,Low,Good,Vegetative,Rain-Fed
REC0060,CR010,F046,LOC010,WTH004,PST010,DIS010,DT0056,3.78,14.34,0.861,93.7,150.2,71.0,1281.5,813078.0,2,2.9497,Medium,Excellent,Germination,Canal
REC0061,CR001,F019,LOC001,WTH005,PST001,DIS001,DT0057,4.22,12.1,0.338,65.7,78.8,50.03,724.6,765930.0,5,5.8239,Medium,Good,Fruiting,Drip
REC0062,CR002,F016,LOC002,WTH006,PST002,DIS002,DT0058,3.4,4.0,0.174,65.1,270.8,64.66,633.3,204000.0,6,5.3687,Medium,Good,Flowering,Sprinkler
REC0063,CR003,F018,LOC003,WTH007,PST003,DIS003,DT0059,7.3,1.49,0.579,33.5,153.7,5.52,839.5,163155.0,7,8.6957,High,Poor,Harvesting,Drip
REC0064,CR004,F022,LOC004,WTH008,PST004,DIS004,DT0060,4.0,5.1,0.599,32.4,146.8,26.78,944.6,306000.0,7,4.2346,Medium,Poor,Flowering,Rain-Fed
REC0065,CR005,F021,LOC005,WTH001,PST005,DIS005,DT0061,3.47,4.37,0.619,68.6,214.9,25.1,509.8,227458.5,4,6.8066,Medium,Good,Fruiting,Rain-Fed
REC0066,CR006,F035,LOC006,WTH002,PST006,DIS006,DT0062,5.3,7.84,0.314,60.7,160.5,50.85,1232.1,623280.0,5,4.3016,High,Good,Flowering,Sprinkler
REC0067,CR007,F006,LOC007,WTH003,PST007,DIS007,DT0063,2.49,11.78,0.112,88.7,212.1,28.48,832.4,439983.0,3,2.9914,Low,Excellent,Fruiting,Canal
REC0068,CR008,F009,LOC008,WTH004,PST008,DIS008,DT0064,7.12,12.95,0.872,41.2,65.4,11.88,634.3,1383060.0,4,11.225,High,Fair,Flowering,Sprinkler
REC0069,CR009,F010,LOC009,WTH005,PST009,DIS009,DT0018,2.02,12.75,0.301,31.7,253.4,47.72,338.9,386325.0,2,5.9605,Low,Poor,Vegetative,Drip
REC0070,CR010,F015,LOC010,WTH006,PST010,DIS010,DT0065,8.41,5.72,0.641,61.4,285.1,65.15,510.5,721578.0,4,16.474,Very High,Good,Fruiting,Sprinkler
REC0071,CR001,F025,LOC001,WTH007,PST001,DIS001,DT0039,6.91,10.46,0.665,46.6,212.2,30.57,1434.1,1084179.0,6,4.8184,High,Fair,Fruiting,Canal
REC0072,CR002,F045,LOC002,WTH008,PST002,DIS002,DT0030,2.89,5.04,0.588,33.5,288.6,10.58,596.6,218484.0,6,4.8441,Medium,Poor,Germination,Flood
REC0073,CR003,F010,LOC003,WTH001,PST003,DIS003,DT0066,1.54,1.38,0.35,80.7,87.9,15.74,419.5,31878.0,5,3.671,Low,Excellent,Vegetative,Sprinkler
REC0074,CR004,F046,LOC004,WTH002,PST004,DIS004,DT0067,7.21,10.67,0.317,37.8,169.4,19.0,798.9,1153960.5,4,9.0249,High,Poor,Fruiting,Canal
REC0075,CR005,F014,LOC005,WTH003,PST005,DIS005,DT0068,6.45,0.64,0.578,72.6,200.5,23.99,599.2,61920.0,7,10.7644,High,Good,Harvesting,Flood
REC0076,CR006,F005,LOC006,WTH004,PST006,DIS006,DT0069,6.6,6.43,0.793,49.7,195.4,51.42,245.7,636570.0,7,26.862,High,Fair,Flowering,Canal
REC0077,CR007,F027,LOC007,WTH005,PST007,DIS007,DT0070,6.9,5.28,0.857,42.1,150.4,48.08,620.1,546480.0,5,11.1272,High,Fair,Harvesting,Canal
REC0078,CR008,F027,LOC008,WTH006,PST008,DIS008,DT0071,2.02,10.55,0.185,56.6,134.5,55.69,907.3,319665.0,4,2.2264,Low,Fair,Flowering,Flood
REC0079,CR009,F022,LOC009,WTH007,PST009,DIS009,DT0072,4.01,11.61,0.224,86.1,81.7,29.0,917.2,698341.5,8,4.372,Medium,Excellent,Flowering,Sprinkler
REC0080,CR010,F035,LOC010,WTH008,PST010,DIS010,DT0073,2.31,4.91,0.856,57.4,147.9,65.92,663.5,170131.5,4,3.4815,Low,Fair,Germination,Flood
REC0081,CR001,F030,LOC001,WTH001,PST001,DIS001,DT0074,7.54,12.27,0.689,82.6,90.7,16.33,781.5,1387737.0,4,9.6481,Very High,Excellent,Fruiting,Sprinkler
REC0082,CR002,F027,LOC002,WTH002,PST002,DIS002,DT0025,5.86,4.76,0.806,38.8,233.6,37.52,1455.2,418404.0,6,4.0269,High,Poor,Flowering,Canal
REC0083,CR003,F004,LOC003,WTH003,PST003,DIS003,DT0075,3.82,6.97,0.262,84.1,102.2,64.08,690.6,399381.0,3,5.5314,Medium,Excellent,Germination,Sprinkler
REC0084,CR004,F014,LOC004,WTH004,PST004,DIS004,DT0076,1.94,11.04,0.57,46.6,64.6,14.41,535.7,321264.0,4,3.6214,Low,Fair,Harvesting,Rain-Fed
REC0085,CR005,F027,LOC005,WTH005,PST005,DIS005,DT0077,3.68,10.55,0.661,77.4,188.1,8.79,516.5,582360.0,3,7.1249,Medium,Good,Germination,Flood
REC0086,CR006,F025,LOC006,WTH006,PST006,DIS006,DT0078,3.78,14.82,0.644,69.6,198.8,70.69,795.1,840294.0,7,4.7541,Medium,Good,Harvesting,Flood
REC0087,CR007,F050,LOC007,WTH007,PST007,DIS007,DT0067,6.61,3.76,0.427,95.0,268.0,27.43,1187.4,372804.0,4,5.5668,High,Excellent,Fruiting,Drip
REC0088,CR008,F038,LOC008,WTH008,PST008,DIS008,DT0079,5.96,10.1,0.112,57.1,194.2,54.71,467.8,902940.0,6,12.7405,High,Fair,Flowering,Canal
REC0089,CR009,F045,LOC009,WTH001,PST009,DIS009,DT0080,7.71,9.34,0.566,34.6,136.4,2.03,1122.1,1080171.0,6,6.871,Very High,Poor,Vegetative,Canal
REC0090,CR010,F002,LOC010,WTH002,PST010,DIS010,DT0005,4.81,13.77,0.302,31.3,250.8,55.2,227.5,993505.5,4,21.1429,Medium,Poor,Harvesting,Sprinkler
REC0091,CR001,F049,LOC001,WTH003,PST001,DIS001,DT0081,2.34,2.77,0.46,87.9,185.1,25.29,744.6,97227.0,5,3.1426,Low,Excellent,Flowering,Rain-Fed
REC0092,CR002,F037,LOC002,WTH004,PST002,DIS002,DT0082,6.49,11.4,0.866,66.7,69.8,4.46,1208.6,1109790.0,5,5.3698,High,Good,Vegetative,Canal
REC0093,CR003,F025,LOC003,WTH005,PST003,DIS003,DT0083,6.83,8.74,0.419,84.3,191.5,48.79,640.4,895413.0,8,10.6652,High,Excellent,Vegetative,Rain-Fed
REC0094,CR004,F031,LOC004,WTH006,PST004,DIS004,DT0084,5.43,4.48,0.772,46.4,277.0,19.26,932.9,364896.0,5,5.8206,High,Fair,Harvesting,Drip
REC0095,CR005,F001,LOC005,WTH007,PST005,DIS005,DT0085,6.9,7.38,0.251,54.2,149.1,30.94,466.5,763830.0,5,14.791,High,Fair,Flowering,Flood
REC0096,CR006,F023,LOC006,WTH008,PST006,DIS006,DT0086,4.96,5.34,0.638,32.1,124.1,6.45,1164.6,397296.0,3,4.259,Medium,Poor,Vegetative,Rain-Fed
REC0097,CR007,F020,LOC007,WTH001,PST007,DIS007,DT0087,5.16,8.9,0.882,97.3,85.9,11.77,268.0,688860.0,6,19.2537,High,Excellent,Germination,Canal
REC0098,CR008,F049,LOC008,WTH002,PST008,DIS008,DT0088,4.49,13.39,0.182,76.8,87.9,23.84,1308.3,901816.5,6,3.4319,Medium,Good,Germination,Flood
REC0099,CR009,F025,LOC009,WTH003,PST009,DIS009,DT0089,1.68,8.75,0.107,95.3,158.2,7.18,457.7,220500.0,6,3.6705,Low,Excellent,Flowering,Rain-Fed
REC0100,CR010,F027,LOC010,WTH004,PST010,DIS010,DT0090,2.26,9.66,0.447,48.6,198.9,72.87,1336.7,327474.0,5,1.6907,Low,Fair,Fruiting,Rain-Fed
REC0101,CR001,F035,LOC001,WTH005,PST001,DIS001,DT0091,1.72,8.02,0.174,72.8,70.2,0.48,658.3,206916.0,5,2.6128,Low,Good,Germination,Sprinkler
REC0102,CR002,F048,LOC002,WTH006,PST002,DIS002,DT0092,5.95,1.24,0.699,77.5,284.9,38.71,1139.5,110670.0,7,5.2216,High,Good,Harvesting,Flood
REC0103,CR003,F048,LOC003,WTH007,PST003,DIS003,DT0014,3.7,3.88,0.832,52.2,238.8,9.86,615.0,215340.0,5,6.0163,Medium,Fair,Flowering,Rain-Fed
REC0104,CR004,F035,LOC004,WTH008,PST004,DIS004,DT0093,5.06,7.63,0.447,89.4,196.7,24.61,1377.7,579117.0,4,3.6728,High,Excellent,Vegetative,Sprinkler
REC0105,CR005,F039,LOC005,WTH001,PST005,DIS005,DT0094,7.85,5.0,0.307,96.3,257.1,74.08,364.6,588750.0,7,21.5304,Very High,Excellent,Germination,Canal
REC0106,CR006,F015,LOC006,WTH002,PST006,DIS006,DT0095,3.25,3.14,0.448,91.9,70.0,12.94,432.1,153075.0,7,7.5214,Medium,Excellent,Flowering,Rain-Fed
REC0107,CR007,F032,LOC007,WTH003,PST007,DIS007,DT0096,4.37,7.81,0.679,81.7,169.2,77.27,840.9,511945.5,2,5.1968,Medium,Excellent,Flowering,Sprinkler
REC0108,CR008,F015,LOC008,WTH004,PST008,DIS008,DT0097,6.79,5.18,0.107,49.4,207.5,16.46,306.5,527583.0,8,22.1533,High,Fair,Fruiting,Sprinkler
REC0109,CR009,F018,LOC009,WTH005,PST009,DIS009,DT0098,3.1,4.24,0.572,49.7,257.2,59.33,454.8,197160.0,3,6.8162,Medium,Fair,Vegetative,Flood
REC0110,CR010,F028,LOC010,WTH006,PST010,DIS010,DT0099,2.04,7.23,0.591,97.4,245.9,43.73,1426.9,221238.0,8,1.4297,Low,Excellent,Vegetative,Sprinkler
REC0111,CR001,F032,LOC001,WTH007,PST001,DIS001,DT0100,3.53,2.43,0.61,30.7,119.3,70.76,1469.4,128668.5,4,2.4023,Medium,Poor,Vegetative,Rain-Fed
REC0112,CR002,F002,LOC002,WTH008,PST002,DIS002,DT0101,2.63,13.95,0.294,80.1,285.2,44.32,689.1,550327.5,6,3.8166,Medium,Excellent,Harvesting,Drip
REC0113,CR003,F025,LOC003,WTH001,PST003,DIS003,DT0102,8.01,13.08,0.671,79.4,81.1,42.76,1400.3,1571562.0,4,5.7202,Very High,Good,Flowering,Canal
REC0114,CR004,F022,LOC004,WTH002,PST004,DIS004,DT0103,7.16,10.76,0.173,73.6,268.8,15.64,908.3,1155624.0,4,7.8829,High,Good,Harvesting,Rain-Fed
REC0115,CR005,F043,LOC005,WTH003,PST005,DIS005,DT0104,5.93,2.04,0.259,99.3,292.7,13.3,550.7,181458.0,4,10.7681,High,Excellent,Harvesting,Rain-Fed
REC0116,CR006,F044,LOC006,WTH004,PST006,DIS006,DT0105,7.6,11.75,0.802,51.8,94.3,73.32,1113.1,1339500.0,6,6.8278,Very High,Fair,Flowering,Canal
REC0117,CR007,F026,LOC007,WTH005,PST007,DIS007,DT0106,7.13,12.22,0.691,53.8,230.5,26.23,1056.6,1306929.0,5,6.7481,High,Fair,Vegetative,Canal
REC0118,CR008,F047,LOC008,WTH006,PST008,DIS008,DT0107,2.81,11.63,0.111,35.5,60.1,29.77,1485.9,490204.5,8,1.8911,Medium,Poor,Flowering,Sprinkler
REC0119,CR009,F011,LOC009,WTH007,PST009,DIS009,DT0007,7.75,2.15,0.299,61.0,151.4,60.79,544.6,249937.5,6,14.2306,Very High,Good,Fruiting,Rain-Fed
REC0120,CR010,F030,LOC010,WTH008,PST010,DIS010,DT0108,5.28,9.84,0.272,48.3,179.1,27.11,1073.7,779328.0,5,4.9176,High,Fair,Flowering,Sprinkler
REC0121,CR001,F009,LOC001,WTH001,PST001,DIS001,DT0022,7.15,12.6,0.317,54.0,195.2,76.16,267.6,1351350.0,5,26.719,High,Fair,Flowering,Flood
REC0122,CR002,F040,LOC002,WTH002,PST002,DIS002,DT0109,7.77,8.87,0.298,88.4,284.0,59.03,347.7,1033798.5,5,22.3469,Very High,Excellent,Germination,Sprinkler
REC0123,CR003,F035,LOC003,WTH003,PST003,DIS003,DT0110,3.73,9.87,0.15,95.5,218.1,47.79,205.1,552226.5,5,18.1863,Medium,Excellent,Fruiting,Flood
REC0124,CR004,F002,LOC004,WTH004,PST004,DIS004,DT0111,2.27,7.15,0.467,43.0,170.3,70.47,1499.3,243457.5,3,1.514,Low,Fair,Germination,Drip
REC0125,CR005,F026,LOC005,WTH005,PST005,DIS005,DT0112,3.1,8.17,0.686,56.1,252.4,3.97,1243.0,379905.0,4,2.494,Medium,Fair,Vegetative,Rain-Fed
REC0126,CR006,F038,LOC006,WTH006,PST006,DIS006,DT0113,4.49,1.0,0.585,95.0,287.6,20.57,1222.7,67350.0,6,3.6722,Medium,Excellent,Vegetative,Flood
REC0127,CR007,F037,LOC007,WTH007,PST007,DIS007,DT0114,7.23,9.76,0.638,34.3,55.5,37.2,862.6,1058472.0,6,8.3816,High,Poor,Fruiting,Drip
REC0128,CR008,F043,LOC008,WTH008,PST008,DIS008,DT0055,7.53,1.68,0.165,36.5,295.6,18.16,590.1,189756.0,8,12.7605,Very High,Poor,Harvesting,Canal
REC0129,CR009,F002,LOC009,WTH001,PST009,DIS009,DT0088,1.55,6.81,0.861,41.4,71.5,59.51,396.6,158332.5,2,3.9082,Low,Fair,Flowering,Sprinkler
REC0130,CR010,F006,LOC010,WTH002,PST010,DIS010,DT0115,5.08,4.74,0.771,71.7,253.6,73.54,570.1,361188.0,8,8.9107,High,Good,Germination,Drip
REC0131,CR001,F042,LOC001,WTH003,PST001,DIS001,DT0116,4.42,8.41,0.744,40.5,120.1,33.9,688.8,557583.0,5,6.417,Medium,Fair,Fruiting,Flood
REC0132,CR002,F028,LOC002,WTH004,PST002,DIS002,DT0117,3.05,2.43,0.758,97.8,83.0,27.37,1183.2,111172.5,4,2.5778,Medium,Excellent,Germination,Rain-Fed
REC0133,CR003,F009,LOC003,WTH005,PST003,DIS003,DT0118,2.34,10.53,0.846,61.3,160.0,76.92,901.6,369603.0,4,2.5954,Low,Good,Flowering,Canal
REC0134,CR004,F030,LOC004,WTH006,PST004,DIS004,DT0119,3.86,12.03,0.535,65.1,211.0,35.59,300.7,696537.0,6,12.8367,Medium,Good,Harvesting,Canal
REC0135,CR005,F012,LOC005,WTH007,PST005,DIS005,DT0120,8.1,2.87,0.26,47.3,145.2,39.12,223.4,348705.0,6,36.2578,Very High,Fair,Germination,Drip
REC0136,CR006,F004,LOC006,WTH008,PST006,DIS006,DT0121,3.76,2.01,0.593,63.0,63.6,28.13,333.0,113364.0,4,11.2913,Medium,Good,Fruiting,Drip
REC0137,CR007,F017,LOC007,WTH001,PST007,DIS007,DT0122,5.13,2.61,0.694,76.3,199.9,72.76,733.6,200839.5,4,6.9929,High,Good,Flowering,Sprinkler
REC0138,CR008,F025,LOC008,WTH002,PST008,DIS008,DT0032,6.42,13.22,0.69,82.6,275.6,45.52,1413.2,1273086.0,6,4.5429,High,Excellent,Flowering,Canal
REC0139,CR009,F021,LOC009,WTH003,PST009,DIS009,DT0123,4.05,8.16,0.517,82.8,145.8,60.97,1028.6,495720.0,4,3.9374,Medium,Excellent,Harvesting,Canal
REC0140,CR010,F014,LOC010,WTH004,PST010,DIS010,DT0013,8.3,7.28,0.155,70.5,104.1,64.94,1242.4,906360.0,6,6.6806,Very High,Good,Fruiting,Sprinkler
REC0141,CR001,F030,LOC001,WTH005,PST001,DIS001,DT0124,8.24,2.05,0.397,93.3,160.6,27.35,806.3,253380.0,5,10.2195,Very High,Excellent,Flowering,Rain-Fed
REC0142,CR002,F021,LOC002,WTH006,PST002,DIS002,DT0125,3.26,9.92,0.837,87.2,62.1,34.7,670.2,485088.0,5,4.8642,Medium,Excellent,Germination,Sprinkler
REC0143,CR003,F022,LOC003,WTH007,PST003,DIS003,DT0126,4.98,13.09,0.568,83.0,255.1,67.88,340.9,977823.0,5,14.6084,Medium,Excellent,Vegetative,Flood
REC0144,CR004,F049,LOC004,WTH008,PST004,DIS004,DT0127,3.61,12.51,0.531,33.9,256.6,29.06,1338.7,677416.5,5,2.6966,Medium,Poor,Fruiting,Flood
REC0145,CR005,F025,LOC005,WTH001,PST005,DIS005,DT0124,3.49,9.58,0.315,30.5,197.0,63.51,1218.1,501513.0,4,2.8651,Medium,Poor,Germination,Drip
REC0146,CR006,F018,LOC006,WTH002,PST006,DIS006,DT0128,1.76,1.59,0.395,44.9,138.3,75.28,418.6,41976.0,7,4.2045,Low,Fair,Harvesting,Sprinkler
REC0147,CR007,F049,LOC007,WTH003,PST007,DIS007,DT0129,5.77,2.13,0.816,76.4,249.9,49.86,865.9,184351.5,5,6.6636,High,Good,Harvesting,Sprinkler
REC0148,CR008,F027,LOC008,WTH004,PST008,DIS008,DT0130,5.02,1.21,0.633,58.8,188.7,59.33,833.6,91113.0,4,6.0221,High,Fair,Flowering,Drip
REC0149,CR009,F017,LOC009,WTH005,PST009,DIS009,DT0131,1.86,4.23,0.73,58.2,256.5,64.41,1012.6,118017.0,4,1.8369,Low,Fair,Harvesting,Rain-Fed
REC0150,CR010,F006,LOC010,WTH006,PST010,DIS010,DT0132,3.45,2.47,0.463,91.9,207.9,67.6,1430.0,127822.5,6,2.4126,Medium,Excellent,Vegetative,Sprinkler
REC0151,CR001,F031,LOC001,WTH007,PST001,DIS001,DT0123,7.86,4.27,0.604,92.7,246.1,31.6,953.7,503433.0,5,8.2416,Very High,Excellent,Germination,Canal
REC0152,CR002,F002,LOC002,WTH008,PST002,DIS002,DT0133,3.18,6.08,0.299,93.6,199.6,4.1,902.3,290016.0,3,3.5243,Medium,Excellent,Fruiting,Sprinkler
REC0153,CR003,F048,LOC003,WTH001,PST003,DIS003,DT0134,,14.17,0.664,52.0,153.5,32.15,265.4,,6,,,Fair,Flowering,Rain-Fed
REC0154,CR004,F035,LOC004,WTH002,PST004,DIS004,DT0047,4.93,9.35,0.442,78.4,289.5,53.9,281.8,691432.5,4,17.4947,Medium,Good,Fruiting,Sprinkler
REC0155,CR005,F004,LOC005,WTH003,PST005,DIS005,DT0074,8.4,12.61,0.454,49.0,185.3,36.03,443.6,1588860.0,8,18.936,Very High,Fair,Germination,Canal
REC0156,CR006,F023,LOC006,WTH004,PST006,DIS006,DT0135,3.19,10.8,0.619,43.3,201.3,59.92,242.2,516780.0,5,13.1709,Medium,Fair,Vegetative,Flood
REC0157,CR007,F015,LOC007,WTH005,PST007,DIS007,DT0034,6.2,2.13,0.849,42.9,105.1,28.56,1166.4,198090.0,4,5.3155,High,Fair,Germination,Flood
REC0158,CR008,F042,LOC008,WTH006,PST008,DIS008,DT0002,6.83,11.17,0.151,53.9,206.4,50.78,1140.3,1144366.5,4,5.9897,High,Fair,Germination,Rain-Fed
REC0159,CR009,F005,LOC009,WTH007,PST009,DIS009,DT0052,3.16,4.49,0.76,60.1,192.9,14.91,376.9,212826.0,3,8.3842,Medium,Good,Flowering,Rain-Fed
REC0160,CR010,F050,LOC010,WTH008,PST010,DIS010,DT0136,6.6,9.77,0.334,88.2,96.2,59.95,1286.9,967230.0,5,5.1286,High,Excellent,Fruiting,Canal
REC0161,CR001,F042,LOC001,WTH001,PST001,DIS001,DT0137,4.07,5.44,0.455,38.4,64.9,43.66,401.2,332112.0,5,10.1446,Medium,Poor,Germination,Flood
REC0162,CR002,F003,LOC002,WTH002,PST002,DIS002,DT0066,5.93,14.97,0.118,81.4,201.1,16.33,591.5,1331581.5,8,10.0254,High,Excellent,Germination,Flood
REC0163,CR003,F049,LOC003,WTH003,PST003,DIS003,DT0138,5.93,4.32,0.341,67.2,240.9,23.35,523.7,384264.0,3,11.3233,High,Good,Vegetative,Flood
REC0164,CR004,F002,LOC004,WTH004,PST004,DIS004,DT0110,5.25,4.55,0.502,50.2,180.9,59.89,684.0,358312.5,3,7.6754,High,Fair,Harvesting,Flood
REC0165,CR005,F016,LOC005,WTH005,PST005,DIS005,DT0139,2.13,13.99,0.145,64.5,106.7,38.61,531.1,446980.5,6,4.0105,Low,Good,Vegetative,Canal
REC0166,CR006,F013,LOC006,WTH006,PST006,DIS006,DT0140,7.35,0.86,0.493,51.0,216.6,17.28,835.6,94815.0,3,8.7961,High,Fair,Fruiting,Rain-Fed
REC0167,CR007,F002,LOC007,WTH007,PST007,DIS007,DT0141,3.75,10.6,0.842,71.7,70.0,77.38,729.6,596250.0,3,5.1398,Medium,Good,Fruiting,Rain-Fed
REC0168,CR008,F040,LOC008,WTH008,PST008,DIS008,DT0142,2.81,11.02,0.184,60.4,160.5,57.21,1482.5,464493.0,2,1.8954,Medium,Good,Flowering,Drip
REC0169,CR009,F010,LOC009,WTH001,PST009,DIS009,DT0143,1.79,12.63,0.712,41.5,90.8,76.57,272.7,339115.5,5,6.564,Low,Fair,Harvesting,Rain-Fed
REC0170,CR010,F016,LOC010,WTH002,PST010,DIS010,DT0144,5.64,14.63,0.428,38.2,96.1,34.17,384.8,1237698.0,4,14.657,High,Poor,Fruiting,Flood
REC0171,CR001,F009,LOC001,WTH003,PST001,DIS001,DT0001,6.24,14.65,0.624,68.3,100.6,38.01,268.7,1371240.0,7,23.2229,High,Good,Harvesting,Sprinkler
REC0172,CR002,F031,LOC002,WTH004,PST002,DIS002,DT0141,1.62,1.45,0.308,93.2,146.7,71.84,1013.6,35235.0,3,1.5983,Low,Excellent,Vegetative,Flood
REC0173,CR003,F043,LOC003,WTH005,PST003,DIS003,DT0078,5.08,12.42,0.228,54.1,62.8,42.0,270.9,946404.0,7,18.7523,High,Fair,Fruiting,Flood
REC0174,CR004,F008,LOC004,WTH006,PST004,DIS004,DT0023,3.09,9.87,0.228,81.3,149.4,56.58,1287.4,457474.5,4,2.4002,Medium,Excellent,Germination,Rain-Fed
REC0175,CR005,F037,LOC005,WTH007,PST005,DIS005,DT0121,6.02,9.89,0.156,76.1,177.9,20.17,865.5,893067.0,5,6.9555,High,Good,Fruiting,Drip
REC0176,CR006,F014,LOC006,WTH008,PST006,DIS006,DT0145,2.72,2.36,0.249,95.2,170.8,35.74,885.1,96288.0,4,3.0731,Medium,Excellent,Harvesting,Canal
REC0177,CR007,F030,LOC007,WTH001,PST007,DIS007,DT0146,6.34,9.93,0.631,87.5,145.7,9.88,930.1,944343.0,5,6.8165,High,Excellent,Fruiting,Sprinkler
REC0178,CR008,F045,LOC008,WTH002,PST008,DIS008,DT0147,4.21,14.75,0.805,69.7,259.8,16.48,422.1,931462.5,6,9.9739,Medium,Good,Flowering,Sprinkler
REC0179,CR009,F017,LOC009,WTH003,PST009,DIS009,DT0148,8.06,13.72,0.751,76.0,86.3,0.08,457.0,1658748.0,5,17.6368,Very High,Good,Germination,Drip
REC0180,CR010,F050,LOC010,WTH004,PST010,DIS010,DT0149,2.46,6.87,0.648,92.9,176.4,3.14,614.5,253503.0,4,4.0033,Low,Excellent,Flowering,Flood
REC0181,CR001,F024,LOC001,WTH005,PST001,DIS001,DT0150,3.89,1.08,0.188,58.0,65.5,78.18,971.5,63018.0,4,4.0041,Medium,Fair,Vegetative,Canal
REC0182,CR002,F011,LOC002,WTH006,PST002,DIS002,DT0151,2.29,5.75,0.331,52.9,67.8,19.39,473.2,197512.5,5,4.8394,Low,Fair,Fruiting,Canal
REC0183,CR003,F039,LOC003,WTH007,PST003,DIS003,DT0152,7.97,12.48,0.348,30.8,193.5,53.06,351.2,1491984.0,8,22.6936,Very High,Poor,Fruiting,Canal
REC0184,CR004,F039,LOC004,WTH008,PST004,DIS004,DT0153,7.64,10.67,0.3,87.9,191.5,67.13,1461.2,1222782.0,8,5.2286,Very High,Excellent,Vegetative,Rain-Fed
REC0185,CR005,F048,LOC005,WTH001,PST005,DIS005,DT0002,3.31,7.16,0.512,86.1,269.5,44.05,228.6,355494.0,4,14.4794,Medium,Excellent,Flowering,Flood
REC0186,CR006,F046,LOC006,WTH002,PST006,DIS006,DT0154,6.12,1.3,0.528,37.3,189.5,12.25,1243.5,119340.0,5,4.9216,High,Poor,Germination,Sprinkler
REC0187,CR007,F008,LOC007,WTH003,PST007,DIS007,DT0155,7.22,6.69,0.386,70.4,289.9,58.25,1224.4,724527.0,4,5.8968,High,Good,Flowering,Sprinkler
REC0188,CR008,F050,LOC008,WTH004,PST008,DIS008,DT0156,5.39,7.3,0.383,62.5,62.2,48.02,586.4,590205.0,5,9.1917,High,Good,Harvesting,Flood
REC0189,CR009,F011,LOC009,WTH005,PST009,DIS009,DT0157,5.21,13.96,0.763,38.3,74.5,58.5,376.3,1090974.0,3,13.8453,High,Poor,Flowering,Sprinkler
REC0190,CR010,F020,LOC010,WTH006,PST010,DIS010,DT0158,3.19,9.8,0.731,98.6,61.0,61.58,389.3,468930.0,7,8.1942,Medium,Excellent,Germination,Rain-Fed
REC0191,CR001,F007,LOC001,WTH007,PST001,DIS001,DT0098,2.15,5.02,0.346,45.0,96.3,78.03,1106.7,161895.0,4,1.9427,Low,Fair,Fruiting,Canal
REC0192,CR002,F038,LOC002,WTH008,PST002,DIS002,DT0050,7.78,8.12,0.831,34.7,185.3,45.89,1035.6,947604.0,7,7.5126,Very High,Poor,Flowering,Sprinkler
REC0193,CR003,F002,LOC003,WTH001,PST003,DIS003,DT0159,7.8,1.46,0.862,71.6,211.4,27.33,1217.6,170820.0,4,6.406,Very High,Good,Vegetative,Rain-Fed
REC0194,CR004,F020,LOC004,WTH002,PST004,DIS004,DT0160,,14.6,0.361,81.7,61.4,51.88,1418.7,,6,,,Excellent,Germination,Canal
REC0195,CR005,F037,LOC005,WTH003,PST005,DIS005,DT0161,3.87,5.72,0.384,32.3,286.5,5.48,1099.5,332046.0,3,3.5198,Medium,Poor,Fruiting,Flood
REC0196,CR006,F044,LOC006,WTH004,PST006,DIS006,DT0162,3.94,7.43,0.505,76.1,260.5,71.79,402.6,439113.0,5,9.7864,Medium,Good,Germination,Flood
REC0197,CR007,F025,LOC007,WTH005,PST007,DIS007,DT0163,6.58,5.65,0.853,67.3,124.2,9.55,516.5,557655.0,3,12.7396,High,Good,Vegetative,Rain-Fed
REC0198,CR008,F026,LOC008,WTH006,PST008,DIS008,DT0164,7.78,10.4,0.801,37.2,69.3,26.23,1294.9,1213680.0,4,6.0082,Very High,Poor,Harvesting,Rain-Fed
REC0199,CR009,F046,LOC009,WTH007,PST009,DIS009,DT0165,7.71,10.1,0.182,42.1,92.5,65.26,472.1,1168065.0,5,16.3313,Very High,Fair,Germination,Rain-Fed
REC0200,CR010,F013,LOC010,WTH008,PST010,DIS010,DT0166,6.96,10.87,0.414,69.8,81.7,47.78,294.3,1134828.0,3,23.6493,High,Good,Germination,Sprinkler
REC0201,CR001,F005,LOC001,WTH001,PST001,DIS001,DT0167,5.99,4.39,0.543,50.7,80.8,31.49,1114.3,394441.5,6,5.3756,High,Fair,Flowering,Flood
REC0202,CR002,F038,LOC002,WTH002,PST002,DIS002,DT0168,2.09,5.08,0.503,95.7,179.6,37.87,723.3,159258.0,6,2.8895,Low,Excellent,Vegetative,Sprinkler
REC0203,CR003,F045,LOC003,WTH003,PST003,DIS003,DT0107,2.63,2.32,0.255,87.3,111.5,68.36,1396.1,91524.0,3,1.8838,Medium,Excellent,Vegetative,Sprinkler
REC0204,CR004,F041,LOC004,WTH004,PST004,DIS004,DT0169,7.79,10.0,0.787,98.8,139.5,27.2,1045.3,1168500.0,5,7.4524,Very High,Excellent,Harvesting,Canal
REC0205,CR005,F016,LOC005,WTH005,PST005,DIS005,DT0170,5.75,1.08,0.642,48.2,297.4,69.57,317.5,93150.0,7,18.1102,High,Fair,Vegetative,Rain-Fed
REC0206,CR006,F007,LOC006,WTH006,PST006,DIS006,DT0171,1.56,9.17,0.77,97.9,221.1,7.05,1432.2,214578.0,3,1.0892,Low,Excellent,Germination,Sprinkler
REC0207,CR007,F045,LOC007,WTH007,PST007,DIS007,DT0097,2.21,13.11,0.787,60.2,287.2,62.14,536.1,434596.5,4,4.1224,Low,Good,Harvesting,Canal
REC0208,CR008,F050,LOC008,WTH008,PST008,DIS008,DT0147,6.14,13.42,0.699,54.3,85.6,67.8,638.4,1235982.0,5,9.6178,High,Fair,Vegetative,Drip
REC0209,CR009,F020,LOC009,WTH001,PST009,DIS009,DT0172,1.54,7.01,0.451,33.5,145.5,14.55,722.9,161931.0,6,2.1303,Low,Poor,Harvesting,Canal
REC0210,CR010,F044,LOC010,WTH002,PST010,DIS010,DT0173,2.63,7.16,0.588,33.7,188.7,34.43,266.6,282462.0,4,9.865,Medium,Poor,Vegetative,Drip
REC0211,CR001,F039,LOC001,WTH003,PST001,DIS001,DT0174,5.34,1.62,0.228,78.4,69.2,13.24,845.5,129762.0,5,6.3158,High,Good,Vegetative,Drip
REC0212,CR002,F008,LOC002,WTH004,PST002,DIS002,DT0175,6.34,10.23,0.639,62.1,51.0,56.53,360.3,972873.0,7,17.5964,High,Good,Flowering,Drip
REC0213,CR003,F037,LOC003,WTH005,PST003,DIS003,DT0114,6.06,12.41,0.243,45.9,217.6,42.83,721.3,1128069.0,5,8.4015,High,Fair,Vegetative,Drip
REC0214,CR004,F003,LOC004,WTH006,PST004,DIS004,DT0176,3.07,4.05,0.655,73.0,210.5,50.83,655.9,186502.5,5,4.6806,Medium,Good,Harvesting,Rain-Fed
REC0215,CR005,F023,LOC005,WTH007,PST005,DIS005,DT0024,6.49,6.61,0.284,47.7,152.7,15.72,1204.7,643483.5,6,5.3872,High,Fair,Germination,Sprinkler
REC0216,CR006,F035,LOC006,WTH008,PST006,DIS006,DT0145,3.16,12.66,0.194,70.4,172.4,16.94,1244.1,600084.0,7,2.54,Medium,Good,Flowering,Sprinkler
REC0217,CR007,F028,LOC007,WTH001,PST007,DIS007,DT0177,3.78,13.22,0.232,55.1,153.9,3.32,399.4,749574.0,5,9.4642,Medium,Fair,Vegetative,Drip
REC0218,CR008,F043,LOC008,WTH002,PST008,DIS008,DT0178,6.73,4.03,0.102,87.6,56.0,25.77,676.5,406828.5,6,9.9483,High,Excellent,Vegetative,Sprinkler
REC0219,CR009,F024,LOC009,WTH003,PST009,DIS009,DT0179,6.05,8.48,0.675,87.4,133.8,44.78,685.4,769560.0,8,8.827,High,Excellent,Harvesting,Drip
REC0220,CR010,F005,LOC010,WTH004,PST010,DIS010,DT0180,7.44,3.29,0.686,63.4,94.3,68.63,396.8,367164.0,6,18.75,High,Good,Flowering,Sprinkler
REC0221,CR001,F033,LOC001,WTH005,PST001,DIS001,DT0181,6.1,1.98,0.512,54.6,74.6,53.35,1238.0,181170.0,6,4.9273,High,Fair,Vegetative,Canal
REC0222,CR002,F042,LOC002,WTH006,PST002,DIS002,DT0182,5.48,13.71,0.229,55.4,289.2,34.83,1119.4,1126962.0,5,4.8955,High,Fair,Germination,Rain-Fed
REC0223,CR003,F022,LOC003,WTH007,PST003,DIS003,DT0125,2.16,12.4,0.167,86.4,199.8,76.25,447.5,401760.0,2,4.8268,Low,Excellent,Germination,Flood
REC0224,CR004,F001,LOC004,WTH008,PST004,DIS004,DT0183,4.07,11.52,0.115,53.0,232.2,57.54,676.7,703296.0,4,6.0145,Medium,Fair,Vegetative,Drip
REC0225,CR005,F027,LOC005,WTH001,PST005,DIS005,DT0184,3.36,1.21,0.233,44.6,128.8,74.41,337.5,60984.0,4,9.9556,Medium,Fair,Germination,Canal
REC0226,CR006,F032,LOC006,WTH002,PST006,DIS006,DT0185,3.21,12.73,0.813,35.9,148.3,42.21,1016.7,612949.5,4,3.1573,Medium,Poor,Flowering,Canal
REC0227,CR007,F007,LOC007,WTH003,PST007,DIS007,DT0186,8.31,6.85,0.293,62.7,109.2,20.71,357.8,853852.5,4,23.2253,Very High,Good,Vegetative,Rain-Fed
REC0228,CR008,F028,LOC008,WTH004,PST008,DIS008,DT0187,4.25,5.46,0.383,63.7,74.2,4.23,1481.7,348075.0,6,2.8683,Medium,Good,Harvesting,Rain-Fed
REC0229,CR009,F024,LOC009,WTH005,PST009,DIS009,DT0185,7.74,8.42,0.184,88.9,94.8,58.09,1214.9,977562.0,2,6.3709,Very High,Excellent,Flowering,Drip
REC0230,CR010,F041,LOC010,WTH006,PST010,DIS010,DT0027,5.92,1.82,0.278,45.5,249.4,9.7,707.3,161616.0,4,8.3699,High,Fair,Germination,Drip
REC0231,CR001,F030,LOC001,WTH007,PST001,DIS001,DT0188,7.06,11.47,0.515,56.7,219.4,24.22,952.1,1214673.0,7,7.4152,High,Fair,Vegetative,Canal
REC0232,CR002,F046,LOC002,WTH008,PST002,DIS002,DT0189,5.02,8.95,0.586,86.6,186.7,42.6,1384.7,673935.0,6,3.6253,High,Excellent,Flowering,Canal
REC0233,CR003,F010,LOC003,WTH001,PST003,DIS003,DT0190,5.54,3.21,0.296,87.7,168.8,45.15,920.3,266751.0,7,6.0198,High,Excellent,Germination,Rain-Fed
REC0234,CR004,F028,LOC004,WTH002,PST004,DIS004,DT0191,4.95,3.23,0.146,56.9,280.6,48.05,426.8,239827.5,7,11.5979,Medium,Fair,Vegetative,Drip
REC0235,CR005,F012,LOC005,WTH003,PST005,DIS005,DT0192,2.87,3.17,0.413,62.1,68.2,13.3,692.3,136468.5,7,4.1456,Medium,Good,Fruiting,Drip
REC0236,CR006,F047,LOC006,WTH004,PST006,DIS006,DT0092,6.56,1.33,0.287,51.2,120.2,30.38,1296.1,130872.0,3,5.0613,High,Fair,Harvesting,Canal
REC0237,CR007,F034,LOC007,WTH005,PST007,DIS007,DT0193,3.47,9.02,0.276,95.3,137.5,49.38,1037.5,469491.0,4,3.3446,Medium,Excellent,Germination,Flood
REC0238,CR008,F042,LOC008,WTH006,PST008,DIS008,DT0014,1.67,12.69,0.868,38.3,245.6,77.59,1045.9,317884.5,5,1.5967,Low,Poor,Germination,Canal
REC0239,CR009,F018,LOC009,WTH007,PST009,DIS009,DT0194,6.02,0.75,0.593,95.4,298.1,58.21,1326.9,67725.0,2,4.5369,High,Excellent,Fruiting,Flood
REC0240,CR010,F040,LOC010,WTH008,PST010,DIS010,DT0189,,1.21,0.546,77.9,110.2,73.81,1362.2,,7,,,Good,Fruiting,Drip
REC0241,CR001,F035,LOC001,WTH001,PST001,DIS001,DT0195,8.08,8.81,0.433,67.2,268.6,60.98,1395.7,1067772.0,4,5.7892,Very High,Good,Flowering,Canal
REC0242,CR002,F050,LOC002,WTH002,PST002,DIS002,DT0196,8.18,12.38,0.443,32.3,257.7,47.34,323.3,1519026.0,4,25.3016,Very High,Poor,Harvesting,Rain-Fed
REC0243,CR003,F031,LOC003,WTH003,PST003,DIS003,DT0197,7.9,5.24,0.533,63.3,106.2,15.36,907.4,620940.0,3,8.7062,Very High,Good,Harvesting,Sprinkler
REC0244,CR004,F030,LOC004,WTH004,PST004,DIS004,DT0198,4.09,5.57,0.657,58.5,149.8,53.33,1162.7,341719.5,7,3.5177,Medium,Fair,Germination,Drip
REC0245,CR005,F028,LOC005,WTH005,PST005,DIS005,DT0160,,9.15,0.662,41.3,152.4,49.87,1184.0,,7,,,Fair,Fruiting,Drip
REC0246,CR006,F047,LOC006,WTH006,PST006,DIS006,DT0199,8.0,4.48,0.237,75.9,294.6,48.2,988.7,537600.0,4,8.0914,Very High,Good,Harvesting,Canal
REC0247,CR007,F038,LOC007,WTH007,PST007,DIS007,DT0147,4.5,0.89,0.5,98.0,95.2,39.18,416.8,60075.0,7,10.7965,Medium,Excellent,Vegetative,Sprinkler
REC0248,CR008,F018,LOC008,WTH008,PST008,DIS008,DT0200,8.27,11.16,0.43,69.4,249.8,42.29,1236.6,1384398.0,8,6.6877,Very High,Good,Harvesting,Sprinkler
REC0249,CR009,F021,LOC009,WTH001,PST009,DIS009,DT0201,8.25,9.57,0.796,80.0,133.5,26.76,1136.1,1184287.5,6,7.2617,Very High,Good,Germination,Sprinkler
REC0250,CR010,F016,LOC010,WTH002,PST010,DIS010,DT0202,7.47,8.92,0.605,34.8,232.7,41.55,312.0,999486.0,2,23.9423,High,Poor,Harvesting,Canal
REC0251,CR001,F006,LOC001,WTH003,PST001,DIS001,DT0203,3.56,11.25,0.526,59.2,155.0,15.8,803.0,600750.0,4,4.4334,Medium,Fair,Flowering,Canal
REC0252,CR002,F018,LOC002,WTH004,PST002,DIS002,DT0204,4.2,10.29,0.192,38.1,194.6,64.41,426.2,648270.0,4,9.8545,Medium,Poor,Fruiting,Flood
REC0253,CR003,F029,LOC003,WTH005,PST003,DIS003,DT0203,7.46,3.49,0.585,72.9,258.2,14.86,638.7,390531.0,6,11.68,High,Good,Germination,Flood
REC0254,CR004,F016,LOC004,WTH006,PST004,DIS004,DT0205,3.72,5.61,0.194,95.7,251.0,6.8,223.5,313038.0,5,16.6443,Medium,Excellent,Germination,Flood
REC0255,CR005,F049,LOC005,WTH007,PST005,DIS005,DT0206,2.69,2.33,0.37,76.3,266.6,34.9,720.4,94015.5,7,3.734,Medium,Good,Fruiting,Rain-Fed
REC0256,CR006,F030,LOC006,WTH008,PST006,DIS006,DT0207,5.4,2.38,0.214,35.4,64.9,52.66,914.8,192780.0,4,5.9029,High,Poor,Fruiting,Drip
REC0257,CR007,F037,LOC007,WTH001,PST007,DIS007,DT0040,8.05,10.3,0.654,54.8,223.0,35.02,1005.5,1243725.0,5,8.006,Very High,Fair,Fruiting,Flood
REC0258,CR008,F040,LOC008,WTH002,PST008,DIS008,DT0208,6.37,12.95,0.265,68.5,85.0,22.14,1062.5,1237372.5,4,5.9953,High,Good,Germination,Rain-Fed
REC0259,CR009,F043,LOC009,WTH003,PST009,DIS009,DT0209,5.49,14.46,0.413,58.2,154.0,44.65,1287.2,1190781.0,4,4.2651,High,Fair,Fruiting,Rain-Fed
REC0260,CR010,F025,LOC010,WTH004,PST010,DIS010,DT0210,2.18,9.61,0.817,88.4,187.1,27.76,480.1,314247.0,2,4.5407,Low,Excellent,Fruiting,Canal
REC0261,CR001,F022,LOC001,WTH005,PST001,DIS001,DT0171,5.81,3.17,0.263,87.0,150.7,74.63,356.6,276265.5,6,16.2928,High,Excellent,Germination,Sprinkler
REC0262,CR002,F002,LOC002,WTH006,PST002,DIS002,DT0211,,2.03,0.506,72.8,179.9,73.81,1307.0,,3,,,Good,Germination,Sprinkler
REC0263,CR003,F032,LOC003,WTH007,PST003,DIS003,DT0212,2.48,12.29,0.435,56.1,299.1,40.19,403.6,457188.0,5,6.1447,Low,Fair,Flowering,Flood
REC0264,CR004,F021,LOC004,WTH008,PST004,DIS004,DT0213,5.13,8.89,0.114,47.9,83.8,26.23,1467.2,684085.5,6,3.4965,High,Fair,Harvesting,Drip
REC0265,CR005,F012,LOC005,WTH001,PST005,DIS005,DT0214,7.64,9.47,0.734,37.4,218.9,58.97,1295.3,1085262.0,6,5.8982,Very High,Poor,Vegetative,Drip
REC0266,CR006,F032,LOC006,WTH002,PST006,DIS006,DT0215,6.69,11.83,0.155,54.8,149.0,2.94,851.1,1187140.5,4,7.8604,High,Fair,Germination,Drip
REC0267,CR007,F014,LOC007,WTH003,PST007,DIS007,DT0216,6.38,10.7,0.479,58.9,83.3,37.98,1475.8,1023990.0,4,4.3231,High,Fair,Vegetative,Rain-Fed
REC0268,CR008,F023,LOC008,WTH004,PST008,DIS008,DT0217,6.42,12.6,0.549,77.3,89.7,26.91,326.6,1213380.0,6,19.6571,High,Good,Flowering,Rain-Fed
REC0269,CR009,F017,LOC009,WTH005,PST009,DIS009,DT0218,4.02,1.32,0.603,76.1,287.3,73.64,594.0,79596.0,4,6.7677,Medium,Good,Harvesting,Rain-Fed
REC0270,CR010,F022,LOC010,WTH006,PST010,DIS010,DT0219,3.56,11.34,0.651,34.9,269.9,0.96,1029.7,605556.0,6,3.4573,Medium,Poor,Harvesting,Canal
REC0271,CR001,F018,LOC001,WTH007,PST001,DIS001,DT0220,7.17,12.84,0.303,57.7,276.8,44.23,655.0,1380942.0,5,10.9466,High,Fair,Harvesting,Rain-Fed
REC0272,CR002,F039,LOC002,WTH008,PST002,DIS002,DT0221,7.17,4.65,0.108,42.7,297.9,59.25,1406.9,500107.5,4,5.0963,High,Fair,Flowering,Drip
REC0273,CR003,F045,LOC003,WTH001,PST003,DIS003,DT0222,7.57,9.79,0.679,41.0,102.1,38.8,285.3,1111654.5,6,26.5335,Very High,Fair,Fruiting,Drip
REC0274,CR004,F018,LOC004,WTH002,PST004,DIS004,DT0057,,5.06,0.529,87.9,138.9,6.83,914.2,,7,,,Excellent,Harvesting,Sprinkler
REC0275,CR005,F036,LOC005,WTH003,PST005,DIS005,DT0206,5.08,14.39,0.769,32.9,217.3,77.8,968.1,1096518.0,6,5.2474,High,Poor,Harvesting,Drip
REC0276,CR006,F001,LOC006,WTH004,PST006,DIS006,DT0047,5.01,0.98,0.757,59.3,171.0,41.44,1048.5,73647.0,5,4.7783,High,Fair,Flowering,Rain-Fed
REC0277,CR007,F034,LOC007,WTH005,PST007,DIS007,DT0028,7.09,8.91,0.775,41.8,154.6,49.13,532.4,947578.5,4,13.3171,High,Fair,Fruiting,Rain-Fed
REC0278,CR008,F013,LOC008,WTH006,PST008,DIS008,DT0223,6.05,2.91,0.488,91.6,139.5,18.93,673.9,264082.5,5,8.9776,High,Excellent,Harvesting,Flood
REC0279,CR009,F006,LOC009,WTH007,PST009,DIS009,DT0013,6.41,10.83,0.367,69.0,198.4,38.68,1296.8,1041304.5,5,4.9429,High,Good,Harvesting,Canal
REC0280,CR010,F016,LOC010,WTH008,PST010,DIS010,DT0224,7.07,3.05,0.733,46.2,193.9,34.33,453.4,323452.5,5,15.5933,High,Fair,Fruiting,Drip
REC0281,CR001,F047,LOC001,WTH001,PST001,DIS001,DT0197,7.73,3.91,0.461,65.2,90.4,5.99,1274.9,453364.5,7,6.0632,Very High,Good,Germination,Canal
REC0282,CR002,F027,LOC002,WTH002,PST002,DIS002,DT0082,3.87,7.67,0.247,81.2,167.9,8.49,931.5,445243.5,3,4.1546,Medium,Excellent,Germination,Drip
REC0283,CR003,F032,LOC003,WTH003,PST003,DIS003,DT0225,4.13,13.77,0.784,97.1,188.4,67.0,1190.8,853051.5,5,3.4683,Medium,Excellent,Harvesting,Sprinkler
REC0284,CR004,F036,LOC004,WTH004,PST004,DIS004,DT0226,2.16,3.57,0.806,45.4,192.6,19.19,1127.7,115668.0,6,1.9154,Low,Fair,Vegetative,Sprinkler
REC0285,CR005,F049,LOC005,WTH005,PST005,DIS005,DT0227,5.55,2.59,0.473,92.0,102.5,15.6,469.8,215617.5,6,11.8135,High,Excellent,Fruiting,Canal
REC0286,CR006,F016,LOC006,WTH006,PST006,DIS006,DT0228,1.75,11.51,0.161,95.4,235.6,40.39,939.5,302137.5,6,1.8627,Low,Excellent,Fruiting,Rain-Fed
REC0287,CR007,F045,LOC007,WTH007,PST007,DIS007,DT0217,4.76,7.76,0.41,94.1,56.3,61.5,1328.0,554064.0,4,3.5843,Medium,Excellent,Vegetative,Flood
REC0288,CR008,F031,LOC008,WTH008,PST008,DIS008,DT0229,5.3,13.72,0.743,74.5,138.7,4.96,761.8,1090740.0,3,6.9572,High,Good,Fruiting,Drip
REC0289,CR009,F042,LOC009,WTH001,PST009,DIS009,DT0230,3.51,2.63,0.821,74.1,245.1,46.14,1456.6,138469.5,3,2.4097,Medium,Good,Flowering,Drip
REC0290,CR010,F046,LOC010,WTH002,PST010,DIS010,DT0231,,9.87,0.263,58.2,191.0,9.54,787.9,,4,,,Fair,Fruiting,Flood
REC0291,CR001,F032,LOC001,WTH003,PST001,DIS001,DT0232,1.71,3.88,0.154,82.7,115.3,2.92,385.6,99522.0,4,4.4346,Low,Excellent,Fruiting,Canal
REC0292,CR002,F029,LOC002,WTH004,PST002,DIS002,DT0016,1.76,2.77,0.802,67.2,223.7,4.22,706.3,73128.0,5,2.4919,Low,Good,Fruiting,Canal
REC0293,CR003,F002,LOC003,WTH005,PST003,DIS003,DT0233,7.26,10.41,0.412,77.4,191.8,66.73,1437.2,1133649.0,5,5.0515,High,Good,Germination,Drip
REC0294,CR004,F006,LOC004,WTH006,PST004,DIS004,DT0234,4.02,9.11,0.533,60.0,249.1,9.44,615.6,549333.0,4,6.5302,Medium,Fair,Flowering,Sprinkler
REC0295,CR005,F019,LOC005,WTH007,PST005,DIS005,DT0205,2.39,11.44,0.874,81.2,233.8,3.61,1328.5,410124.0,4,1.799,Low,Excellent,Fruiting,Flood
REC0296,CR006,F015,LOC006,WTH008,PST006,DIS006,DT0160,5.16,4.99,0.153,87.7,202.5,35.03,1345.6,386226.0,6,3.8347,High,Excellent,Flowering,Drip
REC0297,CR007,F026,LOC007,WTH001,PST007,DIS007,DT0235,6.89,7.0,0.619,40.3,172.0,67.52,655.2,723450.0,4,10.5159,High,Fair,Flowering,Sprinkler
REC0298,CR008,F045,LOC008,WTH002,PST008,DIS008,DT0236,3.01,6.38,0.159,88.3,83.3,20.99,308.2,288057.0,8,9.7664,Medium,Excellent,Flowering,Canal
REC0299,CR009,F016,LOC009,WTH003,PST009,DIS009,DT0094,5.86,14.77,0.4,67.8,115.3,33.74,1141.9,1298283.0,5,5.1318,High,Good,Vegetative,Sprinkler
REC0300,CR010,F020,LOC010,WTH004,PST010,DIS010,DT0192,2.1,4.74,0.743,89.1,154.8,3.19,605.0,149310.0,4,3.4711,Low,Excellent,Fruiting,Rain-Fed
REC0301,CR001,F043,LOC001,WTH005,PST001,DIS001,DT0237,1.86,4.77,0.447,60.2,199.8,35.93,1217.8,133083.0,4,1.5273,Low,Good,Germination,Drip
REC0302,CR002,F038,LOC002,WTH006,PST002,DIS002,DT0083,5.22,5.64,0.898,56.5,178.4,46.21,775.5,441612.0,5,6.7311,High,Fair,Germination,Flood
REC0303,CR003,F024,LOC003,WTH007,PST003,DIS003,DT0238,5.28,8.69,0.547,94.1,122.0,45.67,830.8,688248.0,3,6.3553,High,Excellent,Germination,Sprinkler
REC0304,CR004,F031,LOC004,WTH008,PST004,DIS004,DT0239,5.96,4.16,0.357,47.6,51.6,26.59,1211.3,371904.0,7,4.9203,High,Fair,Germination,Canal
REC0305,CR005,F036,LOC005,WTH001,PST005,DIS005,DT0107,6.58,13.77,0.276,89.1,174.1,25.24,697.1,1359099.0,5,9.4391,High,Excellent,Fruiting,Sprinkler
REC0306,CR006,F034,LOC006,WTH002,PST006,DIS006,DT0240,,4.35,0.38,63.9,121.4,8.53,776.1,,6,,,Good,Germination,Canal
REC0307,CR007,F023,LOC007,WTH003,PST007,DIS007,DT0241,5.11,13.49,0.398,66.0,233.7,29.34,689.0,1034008.5,5,7.4165,High,Good,Flowering,Rain-Fed
REC0308,CR008,F028,LOC008,WTH004,PST008,DIS008,DT0171,3.76,2.0,0.155,51.6,56.0,7.96,677.5,112800.0,5,5.5498,Medium,Fair,Vegetative,Canal
REC0309,CR009,F048,LOC009,WTH005,PST009,DIS009,DT0242,7.07,10.02,0.396,70.1,196.2,61.33,883.7,1062621.0,5,8.0005,High,Good,Harvesting,Flood
REC0310,CR010,F036,LOC010,WTH006,PST010,DIS010,DT0243,3.4,13.65,0.471,52.8,285.4,77.3,1251.4,696150.0,4,2.717,Medium,Fair,Germination,Rain-Fed
REC0311,CR001,F022,LOC001,WTH007,PST001,DIS001,DT0061,4.57,2.95,0.678,32.7,93.6,77.61,670.3,202222.5,3,6.8178,Medium,Poor,Harvesting,Sprinkler
REC0312,CR002,F023,LOC002,WTH008,PST002,DIS002,DT0244,2.05,14.54,0.625,49.0,167.9,69.21,881.5,447105.0,5,2.3256,Low,Fair,Harvesting,Drip
REC0313,CR003,F045,LOC003,WTH001,PST003,DIS003,DT0245,1.68,7.07,0.667,30.4,72.9,48.06,1071.9,178164.0,6,1.5673,Low,Poor,Harvesting,Canal
REC0314,CR004,F030,LOC004,WTH002,PST004,DIS004,DT0206,8.24,14.21,0.107,98.5,206.4,56.07,550.3,1756356.0,6,14.9737,Very High,Excellent,Flowering,Flood
REC0315,CR005,F018,LOC005,WTH003,PST005,DIS005,DT0246,7.35,10.31,0.274,97.6,187.6,22.82,560.8,1136677.5,5,13.1063,High,Excellent,Germination,Drip
REC0316,CR006,F020,LOC006,WTH004,PST006,DIS006,DT0247,6.37,4.87,0.629,57.7,151.8,50.46,1413.4,465328.5,8,4.5069,High,Fair,Fruiting,Drip
REC0317,CR007,F017,LOC007,WTH005,PST007,DIS007,DT0157,4.36,3.23,0.487,81.0,180.3,36.45,1140.6,211242.0,5,3.8225,Medium,Excellent,Flowering,Rain-Fed
REC0318,CR008,F015,LOC008,WTH006,PST008,DIS008,DT0248,2.71,4.9,0.104,54.2,274.1,38.56,950.3,199185.0,5,2.8517,Medium,Fair,Fruiting,Sprinkler
REC0319,CR009,F008,LOC009,WTH007,PST009,DIS009,DT0249,2.6,1.85,0.744,77.0,99.1,60.62,1042.0,72150.0,4,2.4952,Medium,Good,Germination,Drip
REC0320,CR010,F047,LOC010,WTH008,PST010,DIS010,DT0218,3.25,2.59,0.718,86.4,55.6,22.55,238.1,126262.5,5,13.6497,Medium,Excellent,Flowering,Flood
REC0321,CR001,F013,LOC001,WTH001,PST001,DIS001,DT0250,5.34,2.02,0.539,96.3,265.4,25.44,1003.5,161802.0,6,5.3214,High,Excellent,Harvesting,Canal
REC0322,CR002,F021,LOC002,WTH002,PST002,DIS002,DT0251,6.5,6.63,0.153,58.0,194.3,73.97,862.4,646425.0,2,7.5371,High,Fair,Flowering,Canal
REC0323,CR003,F008,LOC003,WTH003,PST003,DIS003,DT0229,6.12,12.04,0.713,84.8,272.7,4.5,909.5,1105272.0,7,6.729,High,Excellent,Flowering,Canal
REC0324,CR004,F048,LOC004,WTH004,PST004,DIS004,DT0111,3.46,2.55,0.567,48.6,199.2,38.85,667.3,132345.0,3,5.1851,Medium,Fair,Germination,Rain-Fed
REC0325,CR005,F035,LOC005,WTH005,PST005,DIS005,DT0252,8.18,2.39,0.726,99.3,252.5,73.02,305.9,293253.0,4,26.7408,Very High,Excellent,Harvesting,Flood
REC0326,CR006,F049,LOC006,WTH006,PST006,DIS006,DT0253,,9.83,0.701,31.8,157.4,48.83,451.3,,3,,,Poor,Harvesting,Drip
REC0327,CR007,F045,LOC007,WTH007,PST007,DIS007,DT0148,5.38,3.36,0.742,72.2,237.5,43.71,1436.0,271152.0,5,3.7465,High,Good,Vegetative,Flood
REC0328,CR008,F012,LOC008,WTH008,PST008,DIS008,DT0137,5.78,1.92,0.514,76.2,278.3,19.98,731.3,166464.0,5,7.9037,High,Good,Vegetative,Rain-Fed
REC0329,CR009,F013,LOC009,WTH001,PST009,DIS009,DT0251,4.44,2.92,0.212,78.2,193.0,27.46,806.7,194472.0,5,5.5039,Medium,Good,Fruiting,Rain-Fed
REC0330,CR010,F014,LOC010,WTH002,PST010,DIS010,DT0254,,13.89,0.637,38.4,95.2,68.16,268.5,,7,,,Poor,Vegetative,Sprinkler
REC0331,CR001,F048,LOC001,WTH003,PST001,DIS001,DT0255,3.99,12.41,0.596,95.7,117.2,44.74,248.8,742738.5,5,16.037,Medium,Excellent,Germination,Flood
REC0332,CR002,F031,LOC002,WTH004,PST002,DIS002,DT0256,6.8,5.63,0.694,42.7,99.7,41.18,1132.3,574260.0,5,6.0055,High,Fair,Flowering,Canal
REC0333,CR003,F018,LOC003,WTH005,PST003,DIS003,DT0161,1.6,10.01,0.236,73.6,111.7,7.97,899.5,240240.0,6,1.7788,Low,Good,Harvesting,Rain-Fed
REC0334,CR004,F047,LOC004,WTH006,PST004,DIS004,DT0257,2.31,8.29,0.256,45.6,126.6,1.28,861.3,287248.5,5,2.682,Low,Fair,Flowering,Rain-Fed
REC0335,CR005,F038,LOC005,WTH007,PST005,DIS005,DT0193,1.82,10.32,0.812,51.5,188.8,77.09,516.1,281736.0,4,3.5264,Low,Fair,Germination,Sprinkler
REC0336,CR006,F049,LOC006,WTH008,PST006,DIS006,DT0258,1.79,10.4,0.7,68.3,197.0,30.16,1168.2,279240.0,2,1.5323,Low,Good,Flowering,Canal
REC0337,CR007,F034,LOC007,WTH001,PST007,DIS007,DT0259,7.49,9.62,0.827,59.2,156.6,48.26,418.7,1080807.0,5,17.8887,High,Fair,Harvesting,Rain-Fed
REC0338,CR008,F039,LOC008,WTH002,PST008,DIS008,DT0260,6.43,4.36,0.707,41.2,203.9,6.38,446.9,420522.0,4,14.388,High,Fair,Vegetative,Drip
REC0339,CR009,F019,LOC009,WTH003,PST009,DIS009,DT0261,4.82,1.07,0.578,42.0,70.4,54.65,798.9,77361.0,5,6.0333,Medium,Fair,Fruiting,Canal
REC0340,CR010,F007,LOC010,WTH004,PST010,DIS010,DT0262,2.18,7.11,0.623,59.3,71.9,74.61,572.2,232497.0,7,3.8099,Low,Fair,Harvesting,Flood
REC0341,CR001,F013,LOC001,WTH005,PST001,DIS001,DT0108,,13.42,0.811,83.0,93.0,46.05,521.7,,4,,,Excellent,Harvesting,Sprinkler
REC0342,CR002,F019,LOC002,WTH006,PST002,DIS002,DT0263,4.81,8.76,0.563,92.9,179.5,10.09,1038.8,632034.0,7,4.6303,Medium,Excellent,Harvesting,Drip
REC0343,CR003,F015,LOC003,WTH007,PST003,DIS003,DT0264,2.71,12.57,0.606,35.9,103.5,46.54,1046.3,510970.5,3,2.5901,Medium,Poor,Harvesting,Drip
REC0344,CR004,F024,LOC004,WTH008,PST004,DIS004,DT0265,4.54,14.88,0.225,57.5,120.8,61.31,1271.9,1013328.0,7,3.5695,Medium,Fair,Germination,Flood
REC0345,CR005,F012,LOC005,WTH001,PST005,DIS005,DT0266,4.29,2.87,0.479,37.0,150.1,32.51,743.0,184684.5,7,5.7739,Medium,Poor,Harvesting,Sprinkler
REC0346,CR006,F020,LOC006,WTH002,PST006,DIS006,DT0267,5.81,10.53,0.673,31.2,253.0,70.39,295.0,917689.5,4,19.6949,High,Poor,Flowering,Rain-Fed
REC0347,CR007,F001,LOC007,WTH003,PST007,DIS007,DT0026,5.95,10.28,0.317,76.3,53.5,51.89,555.8,917490.0,4,10.7053,High,Good,Germination,Sprinkler
REC0348,CR008,F046,LOC008,WTH004,PST008,DIS008,DT0268,1.82,14.71,0.262,72.2,212.3,71.94,1474.0,401583.0,4,1.2347,Low,Good,Vegetative,Rain-Fed
REC0349,CR009,F035,LOC009,WTH005,PST009,DIS009,DT0113,,14.79,0.351,41.4,217.2,49.88,975.1,,8,,,Fair,Flowering,Flood
REC0350,CR010,F009,LOC010,WTH006,PST010,DIS010,DT0269,5.88,10.46,0.293,46.4,249.7,10.5,1122.7,922572.0,5,5.2374,High,Fair,Flowering,Flood
REC0351,CR001,F018,LOC001,WTH007,PST001,DIS001,DT0270,5.02,4.03,0.272,31.7,283.2,24.78,209.6,303459.0,3,23.9504,High,Poor,Flowering,Drip
REC0352,CR002,F003,LOC002,WTH008,PST002,DIS002,DT0093,7.5,12.08,0.44,88.4,55.0,16.14,873.7,1359000.0,4,8.5842,High,Excellent,Flowering,Drip
REC0353,CR003,F004,LOC003,WTH001,PST003,DIS003,DT0271,6.11,2.05,0.826,98.2,88.4,72.71,248.8,187882.5,5,24.5579,High,Excellent,Germination,Drip
REC0354,CR004,F036,LOC004,WTH002,PST004,DIS004,DT0272,,11.82,0.506,39.5,271.5,60.83,940.0,,3,,,Poor,Vegetative,Flood
REC0355,CR005,F019,LOC005,WTH003,PST005,DIS005,DT0198,1.99,13.7,0.25,46.2,164.6,54.11,1397.0,408945.0,2,1.4245,Low,Fair,Vegetative,Rain-Fed
REC0356,CR006,F045,LOC006,WTH004,PST006,DIS006,DT0250,6.0,6.05,0.162,90.8,191.1,24.08,1458.9,544500.0,4,4.1127,High,Excellent,Harvesting,Flood
REC0357,CR007,F009,LOC007,WTH005,PST007,DIS007,DT0273,1.69,9.64,0.657,94.9,215.8,14.72,902.7,244374.0,5,1.8722,Low,Excellent,Fruiting,Flood
REC0358,CR008,F041,LOC008,WTH006,PST008,DIS008,DT0107,5.6,6.74,0.406,59.4,219.8,60.52,795.7,566160.0,6,7.0378,High,Fair,Germination,Drip
REC0359,CR009,F049,LOC009,WTH007,PST009,DIS009,DT0103,8.08,6.85,0.757,33.5,282.9,37.93,1428.5,830220.0,5,5.6563,Very High,Poor,Vegetative,Sprinkler
REC0360,CR010,F032,LOC010,WTH008,PST010,DIS010,DT0274,5.53,5.0,0.628,32.8,299.2,18.06,1075.7,414750.0,5,5.1408,High,Poor,Germination,Drip
REC0361,CR001,F007,LOC001,WTH001,PST001,DIS001,DT0176,4.22,11.55,0.737,70.2,230.0,49.33,284.4,731115.0,4,14.8383,Medium,Good,Germination,Sprinkler
REC0362,CR002,F001,LOC002,WTH002,PST002,DIS002,DT0275,6.0,14.07,0.318,57.5,121.8,3.23,805.4,1266300.0,3,7.4497,High,Fair,Harvesting,Rain-Fed
REC0363,CR003,F037,LOC003,WTH003,PST003,DIS003,DT0276,4.71,14.14,0.654,32.0,269.9,26.09,512.3,998991.0,5,9.1938,Medium,Poor,Vegetative,Rain-Fed
REC0364,CR004,F019,LOC004,WTH004,PST004,DIS004,DT0277,5.32,3.03,0.311,70.8,62.3,37.48,810.7,241794.0,2,6.5622,High,Good,Fruiting,Canal
REC0365,CR005,F031,LOC005,WTH005,PST005,DIS005,DT0093,8.09,13.18,0.851,30.8,107.8,11.84,792.1,1599393.0,2,10.2134,Very High,Poor,Fruiting,Canal
REC0366,CR006,F031,LOC006,WTH006,PST006,DIS006,DT0278,4.2,11.19,0.609,85.1,274.3,78.77,956.8,704970.0,5,4.3896,Medium,Excellent,Fruiting,Canal
REC0367,CR007,F029,LOC007,WTH007,PST007,DIS007,DT0279,8.23,4.17,0.36,51.5,114.0,16.73,663.8,514786.5,3,12.3983,Very High,Fair,Flowering,Rain-Fed
REC0368,CR008,F022,LOC008,WTH008,PST008,DIS008,DT0105,7.84,1.48,0.316,32.8,105.2,10.43,413.6,174048.0,6,18.9555,Very High,Poor,Vegetative,Drip
REC0369,CR009,F012,LOC009,WTH001,PST009,DIS009,DT0280,2.87,4.39,0.253,71.2,84.5,16.28,854.8,188989.5,7,3.3575,Medium,Good,Flowering,Drip
REC0370,CR010,F004,LOC010,WTH002,PST010,DIS010,DT0281,1.99,13.73,0.656,57.8,264.8,61.52,1279.3,409840.5,7,1.5555,Low,Fair,Flowering,Drip
REC0371,CR001,F017,LOC001,WTH003,PST001,DIS001,DT0282,2.21,9.68,0.275,98.2,175.0,34.04,1063.2,320892.0,4,2.0786,Low,Excellent,Flowering,Flood
REC0372,CR002,F031,LOC002,WTH004,PST002,DIS002,DT0283,1.63,10.96,0.576,68.1,218.7,45.23,639.9,267972.0,7,2.5473,Low,Good,Harvesting,Canal
REC0373,CR003,F008,LOC003,WTH005,PST003,DIS003,DT0284,2.16,4.23,0.312,49.3,109.8,1.68,1416.2,137052.0,7,1.5252,Low,Fair,Harvesting,Drip
REC0374,CR004,F005,LOC004,WTH006,PST004,DIS004,DT0236,6.28,10.93,0.63,79.7,239.5,2.75,1385.9,1029606.0,5,4.5314,High,Good,Germination,Canal
REC0375,CR005,F026,LOC005,WTH007,PST005,DIS005,DT0285,2.0,0.91,0.752,49.0,240.0,35.67,472.2,27300.0,6,4.2355,Low,Fair,Germination,Canal
REC0376,CR006,F032,LOC006,WTH008,PST006,DIS006,DT0107,3.73,5.94,0.722,93.3,128.1,65.33,251.2,332343.0,4,14.8487,Medium,Excellent,Vegetative,Flood
REC0377,CR007,F005,LOC007,WTH001,PST007,DIS007,DT0200,7.41,9.59,0.709,56.2,152.7,70.82,1163.7,1065928.5,5,6.3676,High,Fair,Vegetative,Rain-Fed
REC0378,CR008,F037,LOC008,WTH002,PST008,DIS008,DT0286,1.66,2.62,0.25,68.5,102.4,6.94,1275.9,65238.0,5,1.301,Low,Good,Harvesting,Drip
REC0379,CR009,F041,LOC009,WTH003,PST009,DIS009,DT0161,7.2,12.43,0.171,33.5,294.1,43.07,1458.2,1342440.0,3,4.9376,High,Poor,Germination,Flood
REC0380,CR010,F044,LOC010,WTH004,PST010,DIS010,DT0005,3.47,3.91,0.659,59.8,211.4,73.06,1356.8,203515.5,5,2.5575,Medium,Fair,Germination,Rain-Fed
REC0381,CR001,F004,LOC001,WTH005,PST001,DIS001,DT0287,2.33,9.96,0.395,88.3,283.6,31.04,980.7,348102.0,3,2.3759,Low,Excellent,Flowering,Rain-Fed
REC0382,CR002,F010,LOC002,WTH006,PST002,DIS002,DT0288,6.38,6.38,0.446,86.4,125.8,66.37,889.1,610566.0,6,7.1758,High,Excellent,Fruiting,Drip
REC0383,CR003,F010,LOC003,WTH007,PST003,DIS003,DT0137,5.9,9.14,0.125,45.7,245.5,10.7,236.2,808890.0,2,24.9788,High,Fair,Fruiting,Canal
REC0384,CR004,F037,LOC004,WTH008,PST004,DIS004,DT0177,7.64,2.06,0.308,45.8,241.5,74.83,520.7,236076.0,3,14.6726,Very High,Fair,Fruiting,Sprinkler
REC0385,CR005,F020,LOC005,WTH001,PST005,DIS005,DT0289,6.65,0.75,0.127,87.2,222.9,60.11,797.5,74812.5,7,8.3386,High,Excellent,Harvesting,Canal
REC0386,CR006,F006,LOC006,WTH002,PST006,DIS006,DT0290,7.12,13.69,0.803,95.1,291.4,75.31,1017.1,1462092.0,5,7.0003,High,Excellent,Fruiting,Canal
REC0387,CR007,F016,LOC007,WTH003,PST007,DIS007,DT0291,,4.41,0.295,36.7,148.4,54.13,924.4,,4,,,Poor,Fruiting,Sprinkler
REC0388,CR008,F008,LOC008,WTH004,PST008,DIS008,DT0292,2.74,12.39,0.546,61.5,82.7,29.07,1165.4,509229.0,8,2.3511,Medium,Good,Flowering,Rain-Fed
REC0389,CR009,F036,LOC009,WTH005,PST009,DIS009,DT0215,6.75,14.99,0.131,53.6,217.9,75.05,563.7,1517737.5,3,11.9745,High,Fair,Vegetative,Sprinkler
REC0390,CR010,F049,LOC010,WTH006,PST010,DIS010,DT0129,7.15,3.57,0.633,90.9,232.3,22.05,934.4,382882.5,5,7.652,High,Excellent,Harvesting,Sprinkler
REC0391,CR001,F027,LOC001,WTH007,PST001,DIS001,DT0293,,4.34,0.358,35.8,193.8,26.57,314.6,,5,,,Poor,Germination,Flood
REC0392,CR002,F039,LOC002,WTH008,PST002,DIS002,DT0294,4.39,10.11,0.818,44.8,101.7,56.06,737.8,665743.5,6,5.9501,Medium,Fair,Flowering,Flood
REC0393,CR003,F039,LOC003,WTH001,PST003,DIS003,DT0186,,14.5,0.81,82.7,176.1,61.23,1175.2,,6,,,Excellent,Fruiting,Flood
REC0394,CR004,F040,LOC004,WTH002,PST004,DIS004,DT0295,6.93,13.78,0.36,33.6,128.0,74.35,1101.4,1432431.0,8,6.292,High,Poor,Germination,Rain-Fed
REC0395,CR005,F015,LOC005,WTH003,PST005,DIS005,DT0296,3.89,7.79,0.821,64.5,156.9,16.38,1487.8,454546.5,6,2.6146,Medium,Good,Flowering,Sprinkler
REC0396,CR006,F050,LOC006,WTH004,PST006,DIS006,DT0297,,12.03,0.897,60.9,211.3,63.84,561.3,,3,,,Good,Harvesting,Drip
REC0397,CR007,F034,LOC007,WTH005,PST007,DIS007,DT0298,7.51,2.47,0.76,53.4,236.3,59.08,847.6,278245.5,2,8.8603,Very High,Fair,Fruiting,Sprinkler
REC0398,CR008,F025,LOC008,WTH006,PST008,DIS008,DT0044,4.5,14.67,0.776,57.6,108.1,5.1,628.4,990225.0,6,7.161,Medium,Fair,Harvesting,Rain-Fed
REC0399,CR009,F029,LOC009,WTH007,PST009,DIS009,DT0299,6.76,14.48,0.299,67.1,151.3,30.98,772.8,1468272.0,5,8.7474,High,Good,Flowering,Flood
REC0400,CR010,F029,LOC010,WTH008,PST010,DIS010,DT0300,6.78,2.87,0.561,41.3,117.3,22.62,1314.0,291879.0,5,5.1598,High,Fair,Germination,Rain-Fed
REC0401,CR001,F020,LOC001,WTH001,PST001,DIS001,DT0131,2.22,4.84,0.154,70.0,99.7,24.36,1089.5,161172.0,5,2.0376,Low,Good,Vegetative,Flood
REC0402,CR002,F038,LOC002,WTH002,PST002,DIS002,DT0035,7.82,1.95,0.176,86.4,245.8,78.64,1347.2,228735.0,5,5.8046,Very High,Excellent,Fruiting,Rain-Fed
REC0403,CR003,F028,LOC003,WTH003,PST003,DIS003,DT0301,5.04,4.44,0.899,83.2,277.3,51.42,464.6,335664.0,3,10.848,High,Excellent,Harvesting,Drip
REC0404,CR004,F020,LOC004,WTH004,PST004,DIS004,DT0302,7.29,12.33,0.361,40.8,142.6,57.41,1335.4,1348285.5,2,5.459,High,Fair,Germination,Flood
REC0405,CR005,F037,LOC005,WTH005,PST005,DIS005,DT0303,3.74,5.99,0.699,40.4,237.8,78.13,277.7,336039.0,3,13.4678,Medium,Fair,Germination,Flood
REC0406,CR006,F040,LOC006,WTH006,PST006,DIS006,DT0304,7.77,1.78,0.745,48.8,274.2,30.18,1355.2,207459.0,4,5.7335,Very High,Fair,Vegetative,Sprinkler
REC0407,CR007,F004,LOC007,WTH007,PST007,DIS007,DT0305,4.22,5.46,0.786,55.3,261.5,64.15,627.8,345618.0,8,6.7219,Medium,Fair,Flowering,Rain-Fed
REC0408,CR008,F040,LOC008,WTH008,PST008,DIS008,DT0306,1.58,14.73,0.898,58.6,95.7,34.76,609.0,349101.0,3,2.5944,Low,Fair,Vegetative,Canal
REC0409,CR009,F048,LOC009,WTH001,PST009,DIS009,DT0307,7.84,9.63,0.293,77.6,289.1,69.56,865.7,1132488.0,4,9.0563,Very High,Good,Vegetative,Canal
REC0410,CR010,F007,LOC010,WTH002,PST010,DIS010,DT0308,2.14,6.53,0.132,34.0,144.2,14.45,1422.9,209613.0,4,1.504,Low,Poor,Flowering,Sprinkler
REC0411,CR001,F049,LOC001,WTH003,PST001,DIS001,DT0044,3.74,2.91,0.429,32.4,134.8,75.81,262.1,163251.0,3,14.2694,Medium,Poor,Flowering,Rain-Fed
REC0412,CR002,F014,LOC002,WTH004,PST002,DIS002,DT0019,8.15,14.8,0.204,57.4,65.6,17.5,657.9,1809300.0,4,12.3879,Very High,Fair,Flowering,Drip
REC0413,CR003,F041,LOC003,WTH005,PST003,DIS003,DT0152,8.15,12.4,0.118,78.8,171.5,26.1,1313.5,1515900.0,6,6.2048,Very High,Good,Germination,Sprinkler
REC0414,CR004,F014,LOC004,WTH006,PST004,DIS004,DT0130,5.51,4.58,0.388,43.5,77.3,60.5,714.9,378537.0,8,7.7074,High,Fair,Germination,Flood
REC0415,CR005,F017,LOC005,WTH007,PST005,DIS005,DT0309,5.92,1.52,0.727,74.9,112.1,31.5,458.9,134976.0,5,12.9004,High,Good,Fruiting,Drip
REC0416,CR006,F043,LOC006,WTH008,PST006,DIS006,DT0038,4.64,1.32,0.553,48.2,129.2,48.66,752.2,91872.0,4,6.1686,Medium,Fair,Fruiting,Rain-Fed
REC0417,CR007,F006,LOC007,WTH001,PST007,DIS007,DT0308,3.55,2.25,0.35,92.0,252.2,35.57,701.2,119812.5,8,5.0627,Medium,Excellent,Vegetative,Flood
REC0418,CR008,F011,LOC008,WTH002,PST008,DIS008,DT0171,3.8,8.92,0.623,92.7,268.9,59.39,1390.0,508440.0,2,2.7338,Medium,Excellent,Vegetative,Canal
REC0419,CR009,F016,LOC009,WTH003,PST009,DIS009,DT0310,6.21,13.97,0.286,50.8,125.6,18.27,1190.5,1301305.5,3,5.2163,High,Fair,Fruiting,Rain-Fed
REC0420,CR010,F012,LOC010,WTH004,PST010,DIS010,DT0311,6.77,7.7,0.112,46.1,264.7,4.68,856.7,781935.0,3,7.9024,High,Fair,Harvesting,Flood
REC0421,CR001,F036,LOC001,WTH005,PST001,DIS001,DT0138,,12.72,0.711,58.8,264.3,23.99,1484.9,,2,,,Fair,Vegetative,Rain-Fed
REC0422,CR002,F005,LOC002,WTH006,PST002,DIS002,DT0312,7.03,6.97,0.599,46.8,241.2,37.94,804.9,734986.5,4,8.734,High,Fair,Harvesting,Flood
REC0423,CR003,F011,LOC003,WTH007,PST003,DIS003,DT0313,2.14,10.77,0.71,77.1,86.7,13.44,275.7,345717.0,5,7.7621,Low,Good,Harvesting,Rain-Fed
REC0424,CR004,F001,LOC004,WTH008,PST004,DIS004,DT0314,4.96,11.11,0.131,87.8,222.6,28.38,541.0,826584.0,5,9.1682,Medium,Excellent,Flowering,Canal
REC0425,CR005,F027,LOC005,WTH001,PST005,DIS005,DT0315,1.9,3.02,0.77,77.1,286.3,32.0,766.9,86070.0,6,2.4775,Low,Good,Germination,Sprinkler
REC0426,CR006,F029,LOC006,WTH002,PST006,DIS006,DT0146,5.35,5.74,0.596,87.7,220.6,4.59,404.0,460635.0,5,13.2426,High,Excellent,Fruiting,Flood
REC0427,CR007,F045,LOC007,WTH003,PST007,DIS007,DT0316,4.59,9.74,0.551,57.8,132.9,46.66,1431.8,670599.0,4,3.2058,Medium,Fair,Germination,Flood
REC0428,CR008,F039,LOC008,WTH004,PST008,DIS008,DT0317,7.71,1.53,0.6,40.9,175.1,70.75,1196.9,176944.5,2,6.4416,Very High,Fair,Fruiting,Canal
REC0429,CR009,F031,LOC009,WTH005,PST009,DIS009,DT0318,3.96,5.74,0.792,81.7,211.4,12.14,548.8,340956.0,4,7.2157,Medium,Excellent,Germination,Sprinkler
REC0430,CR010,F019,LOC010,WTH006,PST010,DIS010,DT0319,2.32,8.25,0.57,55.2,177.6,47.82,968.0,287100.0,3,2.3967,Low,Fair,Fruiting,Rain-Fed
REC0431,CR001,F003,LOC001,WTH007,PST001,DIS001,DT0022,2.5,14.95,0.565,77.0,80.0,53.18,1137.9,560625.0,3,2.197,Low,Good,Germination,Flood
REC0432,CR002,F015,LOC002,WTH008,PST002,DIS002,DT0279,6.83,7.38,0.893,48.9,128.0,33.55,1423.7,756081.0,4,4.7974,High,Fair,Flowering,Sprinkler
REC0433,CR003,F019,LOC003,WTH001,PST003,DIS003,DT0002,5.83,12.33,0.705,35.7,250.6,56.09,1346.1,1078258.5,5,4.331,High,Poor,Harvesting,Rain-Fed
REC0434,CR004,F046,LOC004,WTH002,PST004,DIS004,DT0226,2.21,6.76,0.454,99.5,265.4,32.86,869.7,224094.0,8,2.5411,Low,Excellent,Fruiting,Flood
REC0435,CR005,F019,LOC005,WTH003,PST005,DIS005,DT0320,2.09,12.05,0.666,40.9,84.3,40.37,1207.0,377767.5,5,1.7316,Low,Fair,Harvesting,Flood
REC0436,CR006,F045,LOC006,WTH004,PST006,DIS006,DT0321,6.41,9.13,0.411,99.2,288.1,0.59,930.8,877849.5,2,6.8865,High,Excellent,Fruiting,Rain-Fed
REC0437,CR007,F030,LOC007,WTH005,PST007,DIS007,DT0010,2.01,13.36,0.283,98.4,132.2,55.34,918.5,402804.0,6,2.1884,Low,Excellent,Fruiting,Canal
REC0438,CR008,F005,LOC008,WTH006,PST008,DIS008,DT0322,7.25,6.46,0.577,85.6,215.6,52.91,349.2,702525.0,4,20.7617,High,Excellent,Flowering,Sprinkler
REC0439,CR009,F044,LOC009,WTH007,PST009,DIS009,DT0287,6.44,9.26,0.843,76.2,238.0,3.07,364.0,894516.0,3,17.6923,High,Good,Germination,Flood
REC0440,CR010,F015,LOC010,WTH008,PST010,DIS010,DT0323,2.07,9.64,0.843,70.4,253.0,29.46,888.4,299322.0,5,2.33,Low,Good,Fruiting,Rain-Fed
REC0441,CR001,F017,LOC001,WTH001,PST001,DIS001,DT0051,2.09,6.55,0.374,90.6,286.4,78.32,549.5,205342.5,5,3.8035,Low,Excellent,Germination,Flood
REC0442,CR002,F041,LOC002,WTH002,PST002,DIS002,DT0324,8.41,2.59,0.522,50.3,128.2,33.66,227.3,326728.5,6,36.9996,Very High,Fair,Flowering,Rain-Fed
REC0443,CR003,F038,LOC003,WTH003,PST003,DIS003,DT0325,4.12,1.86,0.269,62.7,264.6,40.16,1139.7,114948.0,8,3.615,Medium,Good,Vegetative,Flood
REC0444,CR004,F043,LOC004,WTH004,PST004,DIS004,DT0326,4.09,0.74,0.897,73.4,82.9,72.79,242.2,45399.0,7,16.8869,Medium,Good,Harvesting,Drip
REC0445,CR005,F013,LOC005,WTH005,PST005,DIS005,DT0327,7.19,13.17,0.885,58.8,226.3,57.38,973.9,1420384.5,8,7.3827,High,Fair,Fruiting,Canal
REC0446,CR006,F028,LOC006,WTH006,PST006,DIS006,DT0328,8.13,3.93,0.62,59.9,235.5,46.57,901.0,479263.5,5,9.0233,Very High,Fair,Flowering,Sprinkler
REC0447,CR007,F008,LOC007,WTH007,PST007,DIS007,DT0068,8.4,3.57,0.744,53.1,219.4,63.82,1459.5,449820.0,8,5.7554,Very High,Fair,Germination,Canal
REC0448,CR008,F035,LOC008,WTH008,PST008,DIS008,DT0265,6.77,11.17,0.672,69.5,113.1,69.15,829.5,1134313.5,6,8.1615,High,Good,Fruiting,Canal
REC0449,CR009,F015,LOC009,WTH001,PST009,DIS009,DT0329,4.13,5.14,0.575,89.5,268.3,36.55,282.7,318423.0,3,14.6091,Medium,Excellent,Germination,Sprinkler
REC0450,CR010,F042,LOC010,WTH002,PST010,DIS010,DT0304,2.08,7.84,0.143,44.1,92.2,38.01,917.2,244608.0,5,2.2678,Low,Fair,Vegetative,Canal
REC0451,CR001,F010,LOC001,WTH003,PST001,DIS001,DT0134,6.94,2.86,0.464,95.4,63.4,30.88,1293.4,297726.0,3,5.3657,High,Excellent,Fruiting,Drip
REC0452,CR002,F018,LOC002,WTH004,PST002,DIS002,DT0225,5.41,14.42,0.64,78.2,229.4,77.34,1495.9,1170183.0,4,3.6166,High,Good,Harvesting,Rain-Fed
REC0453,CR003,F010,LOC003,WTH005,PST003,DIS003,DT0330,4.47,12.85,0.642,87.6,168.9,55.77,759.4,861592.5,4,5.8862,Medium,Excellent,Fruiting,Sprinkler
REC0454,CR004,F005,LOC004,WTH006,PST004,DIS004,DT0331,7.84,13.02,0.398,68.9,262.3,6.66,616.4,1531152.0,7,12.719,Very High,Good,Harvesting,Rain-Fed
REC0455,CR005,F004,LOC005,WTH007,PST005,DIS005,DT0210,2.28,6.4,0.853,84.6,145.8,69.04,1378.6,218880.0,8,1.6539,Low,Excellent,Germination,Flood
REC0456,CR006,F011,LOC006,WTH008,PST006,DIS006,DT0332,4.95,11.55,0.234,31.1,92.1,38.44,448.6,857587.5,6,11.0343,Medium,Poor,Fruiting,Drip
REC0457,CR007,F020,LOC007,WTH001,PST007,DIS007,DT0205,1.58,2.59,0.5,87.3,259.1,5.5,1000.1,61383.0,3,1.5798,Low,Excellent,Flowering,Rain-Fed
REC0458,CR008,F039,LOC008,WTH002,PST008,DIS008,DT0333,,0.62,0.653,32.8,187.2,43.98,727.4,,6,,,Poor,Flowering,Rain-Fed
REC0459,CR009,F048,LOC009,WTH003,PST009,DIS009,DT0245,1.89,0.79,0.658,92.3,97.3,33.37,253.4,22396.5,6,7.4586,Low,Excellent,Vegetative,Sprinkler
REC0460,CR010,F037,LOC010,WTH004,PST010,DIS010,DT0233,2.33,9.01,0.619,99.4,230.1,70.22,651.5,314899.5,5,3.5764,Low,Excellent,Flowering,Flood
REC0461,CR001,F019,LOC001,WTH005,PST001,DIS001,DT0069,2.32,7.1,0.32,50.6,177.8,16.32,544.8,247080.0,6,4.2584,Low,Fair,Vegetative,Sprinkler
REC0462,CR002,F029,LOC002,WTH006,PST002,DIS002,DT0334,6.04,8.01,0.225,44.7,201.1,66.12,1091.9,725706.0,8,5.5316,High,Fair,Germination,Flood
REC0463,CR003,F008,LOC003,WTH007,PST003,DIS003,DT0335,6.72,0.61,0.609,83.6,165.2,44.62,1433.4,61488.0,5,4.6882,High,Excellent,Harvesting,Sprinkler
REC0464,CR004,F030,LOC004,WTH008,PST004,DIS004,DT0003,5.58,6.63,0.579,47.7,257.2,4.37,548.5,554931.0,2,10.1732,High,Fair,Germination,Rain-Fed
REC0465,CR005,F045,LOC005,WTH001,PST005,DIS005,DT0336,8.24,10.91,0.243,90.6,257.4,77.75,1254.9,1348476.0,7,6.5663,Very High,Excellent,Harvesting,Rain-Fed
REC0466,CR006,F020,LOC006,WTH002,PST006,DIS006,DT0337,4.12,6.92,0.664,37.2,227.3,41.01,272.0,427656.0,8,15.1471,Medium,Poor,Harvesting,Drip
REC0467,CR007,F045,LOC007,WTH003,PST007,DIS007,DT0338,,11.12,0.464,38.8,76.4,23.27,899.6,,3,,,Poor,Vegetative,Rain-Fed
REC0468,CR008,F026,LOC008,WTH004,PST008,DIS008,DT0198,7.58,3.88,0.634,98.5,259.7,37.55,291.7,441156.0,5,25.9856,Very High,Excellent,Flowering,Canal
REC0469,CR009,F018,LOC009,WTH005,PST009,DIS009,DT0222,3.07,12.29,0.77,77.2,217.8,68.63,1414.2,565954.5,5,2.1708,Medium,Good,Flowering,Rain-Fed
REC0470,CR010,F033,LOC010,WTH006,PST010,DIS010,DT0074,8.24,9.03,0.236,89.3,224.3,24.39,1196.3,1116108.0,5,6.8879,Very High,Excellent,Vegetative,Canal
REC0471,CR001,F035,LOC001,WTH007,PST001,DIS001,DT0032,1.59,3.56,0.115,52.7,140.7,15.41,1055.3,84906.0,2,1.5067,Low,Fair,Vegetative,Rain-Fed
REC0472,CR002,F032,LOC002,WTH008,PST002,DIS002,DT0025,8.29,3.93,0.723,77.4,269.8,10.33,1271.1,488695.5,6,6.5219,Very High,Good,Germination,Canal
REC0473,CR003,F029,LOC003,WTH001,PST003,DIS003,DT0339,1.8,9.61,0.588,71.6,231.3,23.83,1041.8,259470.0,6,1.7278,Low,Good,Vegetative,Canal
REC0474,CR004,F006,LOC004,WTH002,PST004,DIS004,DT0340,7.74,12.53,0.66,72.2,78.1,62.4,1459.6,1454733.0,5,5.3028,Very High,Good,Flowering,Rain-Fed
REC0475,CR005,F039,LOC005,WTH003,PST005,DIS005,DT0341,5.19,6.53,0.771,77.8,151.9,37.73,1128.1,508360.5,8,4.6007,High,Good,Vegetative,Canal
REC0476,CR006,F003,LOC006,WTH004,PST006,DIS006,DT0342,,4.25,0.742,70.3,271.6,18.2,1402.1,,5,,,Good,Vegetative,Drip
REC0477,CR007,F028,LOC007,WTH005,PST007,DIS007,DT0343,2.02,13.07,0.869,60.0,61.8,13.29,872.3,396021.0,7,2.3157,Low,Fair,Harvesting,Flood
REC0478,CR008,F048,LOC008,WTH006,PST008,DIS008,DT0344,5.38,10.2,0.529,49.3,290.4,26.62,352.2,823140.0,7,15.2754,High,Fair,Vegetative,Canal
REC0479,CR009,F021,LOC009,WTH007,PST009,DIS009,DT0345,8.29,7.0,0.491,83.8,219.8,75.19,886.6,870450.0,7,9.3503,Very High,Excellent,Germination,Canal
REC0480,CR010,F039,LOC010,WTH008,PST010,DIS010,DT0346,5.16,7.57,0.422,45.8,207.8,27.44,364.9,585918.0,4,14.1409,High,Fair,Vegetative,Drip
REC0481,CR001,F017,LOC001,WTH001,PST001,DIS001,DT0347,5.91,3.46,0.223,78.5,117.6,79.05,970.2,306729.0,2,6.0915,High,Good,Fruiting,Drip
REC0482,CR002,F002,LOC002,WTH002,PST002,DIS002,DT0062,6.37,9.59,0.558,46.3,112.2,38.82,827.2,916324.5,4,7.7007,High,Fair,Fruiting,Sprinkler
REC0483,CR003,F006,LOC003,WTH003,PST003,DIS003,DT0006,4.68,5.7,0.322,73.8,285.5,14.33,1009.3,400140.0,4,4.6369,Medium,Good,Harvesting,Flood
REC0484,CR004,F015,LOC004,WTH004,PST004,DIS004,DT0348,5.89,14.94,0.837,82.3,124.6,71.29,213.1,1319949.0,5,27.6396,High,Excellent,Harvesting,Sprinkler
REC0485,CR005,F044,LOC005,WTH005,PST005,DIS005,DT0165,,7.46,0.567,45.3,243.9,36.83,453.3,,7,,,Fair,Fruiting,Canal
REC0486,CR006,F037,LOC006,WTH006,PST006,DIS006,DT0349,7.81,7.55,0.574,34.2,148.3,56.77,838.7,884482.5,3,9.312,Very High,Poor,Harvesting,Drip
REC0487,CR007,F038,LOC007,WTH007,PST007,DIS007,DT0114,1.82,8.7,0.384,39.2,84.8,78.7,1435.7,237510.0,5,1.2677,Low,Poor,Harvesting,Canal
REC0488,CR008,F002,LOC008,WTH008,PST008,DIS008,DT0350,3.47,13.79,0.142,72.4,52.7,4.01,698.7,717769.5,7,4.9664,Medium,Good,Flowering,Rain-Fed
REC0489,CR009,F049,LOC009,WTH001,PST009,DIS009,DT0197,8.15,12.11,0.125,89.5,186.1,7.74,751.7,1480447.5,5,10.8421,Very High,Excellent,Flowering,Flood
REC0490,CR010,F044,LOC010,WTH002,PST010,DIS010,DT0059,7.73,7.04,0.439,33.1,293.9,57.64,1129.1,816288.0,4,6.8462,Very High,Poor,Vegetative,Rain-Fed
REC0491,CR001,F018,LOC001,WTH003,PST001,DIS001,DT0197,4.69,10.92,0.168,81.4,142.3,22.55,984.9,768222.0,4,4.7619,Medium,Excellent,Fruiting,Drip
REC0492,CR002,F037,LOC002,WTH004,PST002,DIS002,DT0351,5.84,9.0,0.585,53.9,139.3,14.74,588.6,788400.0,5,9.9218,High,Fair,Germination,Drip
REC0493,CR003,F003,LOC003,WTH005,PST003,DIS003,DT0135,3.44,7.64,0.805,63.5,136.0,3.15,734.1,394224.0,3,4.686,Medium,Good,Fruiting,Drip
REC0494,CR004,F049,LOC004,WTH006,PST004,DIS004,DT0116,2.82,3.29,0.806,95.0,180.1,1.75,483.0,139167.0,5,5.8385,Medium,Excellent,Fruiting,Flood
REC0495,CR005,F049,LOC005,WTH007,PST005,DIS005,DT0352,4.75,7.23,0.627,53.2,160.2,61.96,1455.8,515137.5,5,3.2628,Medium,Fair,Flowering,Sprinkler
REC0496,CR006,F012,LOC006,WTH008,PST006,DIS006,DT0353,,4.06,0.269,62.6,270.0,10.75,369.8,,6,,,Good,Flowering,Canal
REC0497,CR007,F031,LOC007,WTH001,PST007,DIS007,DT0047,5.59,13.77,0.79,31.0,176.4,37.42,683.4,1154614.5,6,8.1797,High,Poor,Harvesting,Canal
REC0498,CR008,F034,LOC008,WTH002,PST008,DIS008,DT0354,2.04,5.36,0.809,35.7,176.9,48.47,233.6,164016.0,4,8.7329,Low,Poor,Germination,Canal
REC0499,CR009,F042,LOC009,WTH003,PST009,DIS009,DT0355,8.32,14.31,0.257,48.1,84.6,34.27,488.3,1785888.0,6,17.0387,Very High,Fair,Flowering,Canal
REC0500,CR010,F029,LOC010,WTH004,PST010,DIS010,DT0299,8.4,8.23,0.69,31.9,295.7,2.17,1214.6,1036980.0,6,6.9159,Very High,Poor,Harvesting,Canal
REC0501,CR001,F018,LOC001,WTH005,PST001,DIS001,DT0271,6.39,9.66,0.329,74.2,112.5,62.68,461.5,925911.0,6,13.8462,High,Good,Germination,Sprinkler
REC0502,CR002,F012,LOC002,WTH006,PST002,DIS002,DT0140,,8.37,0.742,59.8,68.3,0.84,304.1,,4,,,Fair,Flowering,Rain-Fed
REC0503,CR003,F038,LOC003,WTH007,PST003,DIS003,DT0356,3.67,2.38,0.898,68.4,215.8,60.95,816.8,131019.0,7,4.4931,Medium,Good,Fruiting,Flood
REC0504,CR004,F028,LOC004,WTH008,PST004,DIS004,DT0107,7.2,5.95,0.124,42.2,198.8,71.46,213.0,642600.0,5,33.8028,High,Fair,Fruiting,Rain-Fed
REC0505,CR005,F041,LOC005,WTH001,PST005,DIS005,DT0341,6.29,1.94,0.818,50.7,153.8,34.63,310.2,183039.0,6,20.2772,High,Fair,Germination,Rain-Fed
REC0506,CR006,F032,LOC006,WTH002,PST006,DIS006,DT0221,2.64,9.53,0.598,76.5,155.5,42.84,1249.9,377388.0,3,2.1122,Medium,Good,Germination,Canal
REC0507,CR007,F006,LOC007,WTH003,PST007,DIS007,DT0124,7.88,6.98,0.879,97.6,246.3,38.16,1202.9,825036.0,6,6.5508,Very High,Excellent,Flowering,Canal
REC0508,CR008,F031,LOC008,WTH004,PST008,DIS008,DT0357,7.26,11.78,0.472,33.5,98.9,31.14,1389.7,1282842.0,5,5.2241,High,Poor,Flowering,Sprinkler
REC0509,CR009,F023,LOC009,WTH005,PST009,DIS009,DT0358,8.15,3.7,0.778,92.3,255.1,70.99,1310.9,452325.0,4,6.2171,Very High,Excellent,Germination,Flood
REC0510,CR010,F027,LOC010,WTH006,PST010,DIS010,DT0250,6.58,2.89,0.15,70.4,212.2,71.51,1088.1,285243.0,6,6.0472,High,Good,Germination,Drip
REC0511,CR001,F022,LOC001,WTH007,PST001,DIS001,DT0359,5.79,6.39,0.368,69.5,154.7,26.87,268.0,554971.5,8,21.6045,High,Good,Harvesting,Rain-Fed
REC0512,CR002,F021,LOC002,WTH008,PST002,DIS002,DT0360,4.43,13.94,0.154,65.0,164.5,49.21,1217.7,926313.0,2,3.638,Medium,Good,Harvesting,Drip
REC0513,CR003,F043,LOC003,WTH001,PST003,DIS003,DT0361,8.03,10.8,0.88,34.9,114.2,74.15,1299.2,1300860.0,2,6.1807,Very High,Poor,Harvesting,Flood
REC0514,CR004,F007,LOC004,WTH002,PST004,DIS004,DT0299,7.56,6.57,0.754,36.3,238.0,76.96,1238.8,745038.0,2,6.1027,Very High,Poor,Fruiting,Rain-Fed
REC0515,CR005,F011,LOC005,WTH003,PST005,DIS005,DT0126,1.82,8.0,0.782,72.1,178.2,40.72,861.0,218400.0,5,2.1138,Low,Good,Fruiting,Drip
REC0516,CR006,F022,LOC006,WTH004,PST006,DIS006,DT0202,1.68,1.72,0.85,53.9,130.2,36.23,502.8,43344.0,4,3.3413,Low,Fair,Harvesting,Drip
REC0517,CR007,F027,LOC007,WTH005,PST007,DIS007,DT0206,4.14,14.78,0.168,94.2,199.0,22.3,1298.9,917838.0,5,3.1873,Medium,Excellent,Harvesting,Sprinkler
REC0518,CR008,F045,LOC008,WTH006,PST008,DIS008,DT0362,7.17,10.16,0.408,58.5,298.9,76.71,1145.3,1092708.0,7,6.2604,High,Fair,Germination,Flood
REC0519,CR009,F032,LOC009,WTH007,PST009,DIS009,DT0311,8.41,4.64,0.157,40.0,158.8,11.43,1475.0,585336.0,4,5.7017,Very High,Poor,Fruiting,Flood
REC0520,CR010,F019,LOC010,WTH008,PST010,DIS010,DT0363,,8.99,0.269,80.0,280.2,46.39,402.4,,4,,,Good,Harvesting,Flood
REC0521,CR001,F043,LOC001,WTH001,PST001,DIS001,DT0359,5.66,2.09,0.283,50.5,136.3,22.6,493.4,177441.0,4,11.4714,High,Fair,Vegetative,Rain-Fed
REC0522,CR002,F026,LOC002,WTH002,PST002,DIS002,DT0364,4.17,14.5,0.475,66.8,63.7,22.32,475.3,906975.0,6,8.7734,Medium,Good,Flowering,Sprinkler
REC0523,CR003,F049,LOC003,WTH003,PST003,DIS003,DT0365,8.29,3.03,0.315,78.8,101.1,32.4,1230.3,376780.5,6,6.7382,Very High,Good,Harvesting,Canal
REC0524,CR004,F036,LOC004,WTH004,PST004,DIS004,DT0109,7.39,9.9,0.181,93.0,154.7,79.9,443.0,1097415.0,6,16.6817,High,Excellent,Fruiting,Rain-Fed
REC0525,CR005,F003,LOC005,WTH005,PST005,DIS005,DT0307,7.37,4.06,0.234,85.5,104.9,4.4,286.7,448833.0,6,25.7063,High,Excellent,Harvesting,Flood
REC0526,CR006,F030,LOC006,WTH006,PST006,DIS006,DT0073,4.78,10.9,0.218,77.3,50.1,46.28,1498.1,781530.0,5,3.1907,Medium,Good,Vegetative,Rain-Fed
REC0527,CR007,F006,LOC007,WTH007,PST007,DIS007,DT0366,4.4,11.76,0.878,77.6,278.8,6.61,232.3,776160.0,2,18.941,Medium,Good,Germination,Drip
REC0528,CR008,F021,LOC008,WTH008,PST008,DIS008,DT0367,3.41,10.26,0.707,96.2,261.0,12.36,1285.8,524799.0,3,2.652,Medium,Excellent,Fruiting,Rain-Fed
REC0529,CR009,F017,LOC009,WTH001,PST009,DIS009,DT0209,1.89,9.41,0.874,50.7,235.6,35.17,675.0,266773.5,4,2.8,Low,Fair,Germination,Rain-Fed
REC0530,CR010,F021,LOC010,WTH002,PST010,DIS010,DT0059,7.55,13.44,0.452,30.1,92.0,40.84,1294.1,1522080.0,2,5.8342,Very High,Poor,Flowering,Flood
REC0531,CR001,F008,LOC001,WTH003,PST001,DIS001,DT0368,7.19,1.64,0.323,49.0,80.1,20.7,921.0,176874.0,6,7.8067,High,Fair,Germination,Drip
REC0532,CR002,F050,LOC002,WTH004,PST002,DIS002,DT0194,,5.3,0.739,45.3,66.9,25.32,1372.1,,4,,,Fair,Harvesting,Flood
REC0533,CR003,F026,LOC003,WTH005,PST003,DIS003,DT0369,,4.1,0.361,76.3,231.0,6.96,1404.1,,6,,,Good,Vegetative,Drip
REC0534,CR004,F033,LOC004,WTH006,PST004,DIS004,DT0250,5.39,14.83,0.34,74.4,282.2,24.26,211.8,1199005.5,7,25.4485,High,Good,Germination,Drip
REC0535,CR005,F001,LOC005,WTH007,PST005,DIS005,DT0296,6.88,6.15,0.286,71.5,157.6,77.32,298.0,634680.0,2,23.0872,High,Good,Vegetative,Drip
REC0536,CR006,F043,LOC006,WTH008,PST006,DIS006,DT0048,8.11,11.12,0.204,31.1,79.8,75.58,525.5,1352748.0,4,15.4329,Very High,Poor,Fruiting,Flood
REC0537,CR007,F035,LOC007,WTH001,PST007,DIS007,DT0276,7.45,10.43,0.305,81.0,178.1,26.79,1070.1,1165552.5,5,6.962,High,Excellent,Fruiting,Drip
REC0538,CR008,F030,LOC008,WTH002,PST008,DIS008,DT0141,3.23,3.58,0.384,52.6,137.2,45.67,1354.8,173451.0,7,2.3841,Medium,Fair,Harvesting,Sprinkler
REC0539,CR009,F027,LOC009,WTH003,PST009,DIS009,DT0370,4.65,3.97,0.639,76.6,143.7,72.77,797.9,276907.5,4,5.8278,Medium,Good,Harvesting,Sprinkler
REC0540,CR010,F004,LOC010,WTH004,PST010,DIS010,DT0330,2.4,4.58,0.15,69.0,205.3,0.49,989.1,164880.0,6,2.4264,Low,Good,Harvesting,Canal
REC0541,CR001,F013,LOC001,WTH005,PST001,DIS001,DT0371,8.18,6.46,0.268,54.0,229.7,64.85,445.0,792642.0,5,18.382,Very High,Fair,Vegetative,Sprinkler
REC0542,CR002,F034,LOC002,WTH006,PST002,DIS002,DT0372,5.74,3.9,0.747,39.4,77.7,75.87,1246.5,335790.0,7,4.6049,High,Poor,Flowering,Canal
REC0543,CR003,F024,LOC003,WTH007,PST003,DIS003,DT0219,3.1,0.78,0.218,36.6,58.9,7.31,1457.5,36270.0,5,2.1269,Medium,Poor,Flowering,Sprinkler
REC0544,CR004,F040,LOC004,WTH008,PST004,DIS004,DT0242,6.2,13.25,0.374,88.2,298.6,12.92,549.2,1232250.0,4,11.2891,High,Excellent,Flowering,Flood
REC0545,CR005,F049,LOC005,WTH001,PST005,DIS005,DT0373,5.83,14.5,0.792,94.3,108.2,76.86,843.3,1268025.0,4,6.9133,High,Excellent,Fruiting,Canal
REC0546,CR006,F032,LOC006,WTH002,PST006,DIS006,DT0186,4.01,5.45,0.224,75.5,63.5,43.0,312.0,327817.5,6,12.8526,Medium,Good,Fruiting,Rain-Fed
REC0547,CR007,F041,LOC007,WTH003,PST007,DIS007,DT0326,2.29,5.41,0.166,37.2,97.5,1.14,926.9,185833.5,4,2.4706,Low,Poor,Flowering,Rain-Fed
REC0548,CR008,F029,LOC008,WTH004,PST008,DIS008,DT0057,6.2,0.6,0.488,58.1,59.7,20.61,853.6,55800.0,8,7.2634,High,Fair,Harvesting,Sprinkler
REC0549,CR009,F049,LOC009,WTH005,PST009,DIS009,DT0374,5.14,10.36,0.342,81.0,148.0,36.0,387.8,798756.0,5,13.2543,High,Excellent,Germination,Rain-Fed
REC0550,CR010,F004,LOC010,WTH006,PST010,DIS010,DT0368,6.91,12.47,0.551,84.6,250.6,55.43,774.7,1292515.5,6,8.9196,High,Excellent,Flowering,Sprinkler
REC0551,CR001,F014,LOC001,WTH007,PST001,DIS001,DT0083,5.14,2.63,0.743,38.3,135.3,58.65,634.3,202773.0,3,8.1034,High,Poor,Germination,Sprinkler
REC0552,CR002,F018,LOC002,WTH008,PST002,DIS002,DT0375,,2.82,0.21,30.0,161.0,79.63,878.4,,6,,,Poor,Flowering,Rain-Fed
REC0553,CR003,F036,LOC003,WTH001,PST003,DIS003,DT0376,5.36,11.96,0.565,79.8,218.9,23.0,961.4,961584.0,2,5.5752,High,Good,Germination,Rain-Fed
REC0554,CR004,F009,LOC004,WTH002,PST004,DIS004,DT0377,5.43,9.44,0.504,55.0,177.2,43.06,211.0,768888.0,5,25.7346,High,Fair,Harvesting,Drip
REC0555,CR005,F019,LOC005,WTH003,PST005,DIS005,DT0378,7.64,1.15,0.215,47.8,265.4,42.67,1189.3,131790.0,5,6.4239,Very High,Fair,Fruiting,Canal
REC0556,CR006,F029,LOC006,WTH004,PST006,DIS006,DT0379,4.32,9.53,0.599,30.9,266.5,32.45,1126.9,617544.0,6,3.8335,Medium,Poor,Flowering,Sprinkler
REC0557,CR007,F045,LOC007,WTH005,PST007,DIS007,DT0380,,4.98,0.319,67.8,52.5,13.53,676.2,,5,,,Good,Flowering,Rain-Fed
REC0558,CR008,F032,LOC008,WTH006,PST008,DIS008,DT0381,1.7,5.85,0.49,89.6,244.5,78.2,268.8,149175.0,6,6.3244,Low,Excellent,Harvesting,Canal
REC0559,CR009,F008,LOC009,WTH007,PST009,DIS009,DT0149,6.79,11.66,0.166,97.0,165.2,68.27,1181.4,1187571.0,2,5.7474,High,Excellent,Vegetative,Rain-Fed
REC0560,CR010,F002,LOC010,WTH008,PST010,DIS010,DT0382,5.84,12.26,0.468,69.6,297.2,39.87,1441.7,1073976.0,5,4.0508,High,Good,Flowering,Rain-Fed
REC0561,CR001,F041,LOC001,WTH001,PST001,DIS001,DT0383,6.43,6.31,0.345,66.0,170.8,48.26,512.2,608599.5,6,12.5537,High,Good,Germination,Drip
REC0562,CR002,F039,LOC002,WTH002,PST002,DIS002,DT0304,2.99,14.23,0.758,36.0,296.7,18.18,620.6,638215.5,7,4.8179,Medium,Poor,Harvesting,Sprinkler
REC0563,CR003,F016,LOC003,WTH003,PST003,DIS003,DT0325,2.45,6.39,0.146,68.4,238.6,43.5,439.0,234832.5,3,5.5809,Low,Good,Vegetative,Sprinkler
REC0564,CR004,F046,LOC004,WTH004,PST004,DIS004,DT0248,1.6,11.69,0.435,56.6,112.2,55.6,950.0,280560.0,4,1.6842,Low,Fair,Flowering,Flood
REC0565,CR005,F011,LOC005,WTH005,PST005,DIS005,DT0170,3.95,7.52,0.467,72.5,184.6,41.21,401.3,445560.0,5,9.843,Medium,Good,Flowering,Drip
REC0566,CR006,F020,LOC006,WTH006,PST006,DIS006,DT0384,,13.51,0.68,57.2,298.0,79.22,663.1,,4,,,Fair,Fruiting,Canal
REC0567,CR007,F036,LOC007,WTH007,PST007,DIS007,DT0385,4.25,13.66,0.559,46.8,264.4,48.91,1106.1,870825.0,6,3.8423,Medium,Fair,Vegetative,Drip
REC0568,CR008,F001,LOC008,WTH008,PST008,DIS008,DT0386,4.56,1.77,0.634,36.6,74.3,29.68,928.2,121068.0,4,4.9127,Medium,Poor,Harvesting,Canal
REC0569,CR009,F036,LOC009,WTH001,PST009,DIS009,DT0316,7.83,14.08,0.722,52.0,226.6,61.77,702.4,1653696.0,7,11.1475,Very High,Fair,Germination,Sprinkler
REC0570,CR010,F027,LOC010,WTH002,PST010,DIS010,DT0316,3.94,12.47,0.79,36.8,136.4,13.64,746.3,736977.0,8,5.2794,Medium,Poor,Flowering,Flood
REC0571,CR001,F006,LOC001,WTH003,PST001,DIS001,DT0258,5.1,11.97,0.351,42.4,51.7,30.76,930.7,915705.0,3,5.4797,High,Fair,Harvesting,Flood
REC0572,CR002,F015,LOC002,WTH004,PST002,DIS002,DT0236,6.99,3.41,0.53,99.1,150.9,27.76,207.6,357538.5,6,33.6705,High,Excellent,Fruiting,Sprinkler
REC0573,CR003,F008,LOC003,WTH005,PST003,DIS003,DT0361,4.28,12.17,0.772,61.1,108.7,34.54,302.1,781314.0,6,14.1675,Medium,Good,Flowering,Rain-Fed
REC0574,CR004,F030,LOC004,WTH006,PST004,DIS004,DT0203,5.85,12.83,0.892,67.2,254.7,62.54,1345.6,1125832.5,5,4.3475,High,Good,Vegetative,Drip
REC0575,CR005,F008,LOC005,WTH007,PST005,DIS005,DT0387,7.54,4.69,0.812,91.2,134.3,38.73,301.2,530439.0,4,25.0332,Very High,Excellent,Harvesting,Flood
REC0576,CR006,F042,LOC006,WTH008,PST006,DIS006,DT0208,8.15,14.31,0.397,99.7,256.9,63.52,1118.8,1749397.5,7,7.2846,Very High,Excellent,Germination,Rain-Fed
REC0577,CR007,F010,LOC007,WTH001,PST007,DIS007,DT0388,2.53,1.22,0.256,70.8,50.1,46.12,1396.0,46299.0,5,1.8123,Medium,Good,Fruiting,Canal
REC0578,CR008,F032,LOC008,WTH002,PST008,DIS008,DT0389,7.99,2.67,0.492,86.9,127.0,27.37,551.9,319999.5,3,14.4773,Very High,Excellent,Harvesting,Flood
REC0579,CR009,F046,LOC009,WTH003,PST009,DIS009,DT0390,4.94,8.29,0.693,52.9,110.3,64.8,681.6,614289.0,5,7.2477,Medium,Fair,Flowering,Canal
REC0580,CR010,F019,LOC010,WTH004,PST010,DIS010,DT0296,3.31,8.85,0.494,51.4,108.4,19.06,939.6,439402.5,4,3.5228,Medium,Fair,Germination,Rain-Fed
REC0581,CR001,F033,LOC001,WTH005,PST001,DIS001,DT0391,4.71,9.85,0.487,58.2,67.0,17.95,1346.2,695902.5,7,3.4987,Medium,Fair,Flowering,Canal
REC0582,CR002,F046,LOC002,WTH006,PST002,DIS002,DT0266,8.36,0.75,0.771,77.1,96.8,40.36,1424.5,94050.0,6,5.8687,Very High,Good,Flowering,Rain-Fed
REC0583,CR003,F018,LOC003,WTH007,PST003,DIS003,DT0392,4.95,14.43,0.389,77.8,188.9,20.87,1161.4,1071427.5,6,4.2621,Medium,Good,Vegetative,Canal
REC0584,CR004,F027,LOC004,WTH008,PST004,DIS004,DT0016,3.8,1.15,0.788,52.1,122.8,0.73,312.6,65550.0,4,12.1561,Medium,Fair,Vegetative,Drip
REC0585,CR005,F031,LOC005,WTH001,PST005,DIS005,DT0259,5.93,2.57,0.425,39.3,154.3,51.86,1069.9,228601.5,7,5.5426,High,Poor,Flowering,Flood
REC0586,CR006,F031,LOC006,WTH002,PST006,DIS006,DT0393,,0.7,0.363,74.3,144.2,40.89,733.4,,7,,,Good,Fruiting,Flood
REC0587,CR007,F016,LOC007,WTH003,PST007,DIS007,DT0394,2.03,8.72,0.463,39.0,269.0,35.64,811.9,265524.0,6,2.5003,Low,Poor,Vegetative,Rain-Fed
REC0588,CR008,F030,LOC008,WTH004,PST008,DIS008,DT0182,2.4,14.02,0.71,70.5,276.3,77.36,263.9,504720.0,5,9.0944,Low,Good,Vegetative,Canal
REC0589,CR009,F036,LOC009,WTH005,PST009,DIS009,DT0023,2.4,10.16,0.201,78.5,173.2,45.7,448.4,365760.0,7,5.3524,Low,Good,Vegetative,Sprinkler
REC0590,CR010,F010,LOC010,WTH006,PST010,DIS010,DT0395,2.56,12.43,0.257,79.0,132.5,69.07,1227.7,477312.0,2,2.0852,Medium,Good,Vegetative,Flood
REC0591,CR001,F025,LOC001,WTH007,PST001,DIS001,DT0003,2.47,0.69,0.861,82.7,76.7,11.16,790.1,25564.5,7,3.1262,Low,Excellent,Germination,Canal
REC0592,CR002,F013,LOC002,WTH008,PST002,DIS002,DT0396,5.99,8.36,0.24,91.1,288.4,45.54,592.2,751146.0,6,10.1148,High,Excellent,Flowering,Canal
REC0593,CR003,F039,LOC003,WTH001,PST003,DIS003,DT0005,2.77,7.16,0.554,65.0,65.1,69.44,699.2,297498.0,6,3.9617,Medium,Good,Germination,Drip
REC0594,CR004,F033,LOC004,WTH002,PST004,DIS004,DT0166,,7.74,0.563,81.1,124.4,46.65,1310.7,,7,,,Excellent,Harvesting,Sprinkler
REC0595,CR005,F048,LOC005,WTH003,PST005,DIS005,DT0397,7.78,1.55,0.492,73.3,124.5,57.44,1173.7,180885.0,5,6.6286,Very High,Good,Harvesting,Flood
REC0596,CR006,F009,LOC006,WTH004,PST006,DIS006,DT0278,4.82,10.42,0.616,43.1,130.1,29.76,554.0,753366.0,2,8.7004,Medium,Fair,Harvesting,Drip
REC0597,CR007,F005,LOC007,WTH005,PST007,DIS007,DT0398,6.17,7.8,0.284,31.8,91.1,7.4,352.8,721890.0,4,17.4887,High,Poor,Germination,Sprinkler
REC0598,CR008,F018,LOC008,WTH006,PST008,DIS008,DT0399,2.71,11.59,0.542,49.9,245.8,36.63,527.6,471133.5,2,5.1365,Medium,Fair,Flowering,Flood
REC0599,CR009,F050,LOC009,WTH007,PST009,DIS009,DT0400,2.85,7.54,0.398,61.0,80.6,31.56,1397.0,322335.0,7,2.0401,Medium,Good,Harvesting,Drip
REC0600,CR010,F027,LOC010,WTH008,PST010,DIS010,DT0401,1.79,2.67,0.629,73.2,208.7,69.36,956.1,71689.5,5,1.8722,Low,Good,Vegetative,Sprinkler
REC0016,CR006,F028,LOC006,WTH008,PST006,DIS006,DT0016,2.78,6.1,0.367,36.1,255.0,74.78,1179.5,254370.0,4,2.3569,Medium,Poor,Vegetative,Rain-Fed
